LANGUAGE	Data points in db	FAMILY	SUB-GROUP	BRANCH	Source	Number of numerals	Loans?	Combine?	Base 2?	Base 3?	Base 4?	Base 5?	Series range	Pattern	Etymology of Three?	Etymology of four?	Etymology of Five?	Etymology of Six?	Etymology of Seven?	Etymology of Eight?	Etymology of Nine?	Etymology of Ten?	Etymology of Eleven?	Etymology of Twelve?	Etymology of Thirteen?	Etymology of Fourteen?	Etymology of Fifteen?	Etymology of Sixteen?	Etymology of Seventeen?	Etymology of Eighteen?	Etymology of Nineteen?	Etymology of Twenty?	Are the numerals used for 'vague' counting (e.g. for 'some', 'a few')?	Which numerals are used for 'vague' counting and how?	one	two	three	four	five	six	seven	eight	nine	ten	eleven	twelve	thirteen	fourteen	fifteen	sixteen	seventeen	eighteen	nineteen	twenty	hands/feet?	How are hands/feet used?	Are there ordinal numbers?	How high do the ordinal numbers go?	Are they etymologically related to the cardinal numbers?	Birth order naming system	Birth order limit	Notes
Jiyilawung	0	?Jarragan																																																												
Nyiwanawu	0	?Jarragan																																																												
Ngalarrunga	0	?Marran																																																												
Bunuba	2	Bunuban				3		no	no	no	no	no		1, 2, 3	opaque	n/a	n/a	n/a	n/a	n/a	n/a	n/a	n/a	n/a	n/a	n/a	n/a	n/a	n/a	n/a	n/a	n/a	yes	ngarlgurru '3' is also used for vague counting	yuwarna; yimanjarri (mother-in-law)	thurranda; yimiyandi (mother-in-law)	ngarlgurru																									
Gooniyandi	533	Bunuban			ASEDA0010, McGregor 2004, McGregor 1990	5		yes	yes	no	no	yes	2	1, 2, 3, 2:2, 2:2:1	opaque	2:2	2:2:1; 3:2; 'hand'	n/a	n/a	n/a	n/a	 '2 hand'	n/a	n/a	n/a	n/a	n/a	n/a	n/a	n/a	n/a	n/a	yes	ngarloodoo '3' is also 'a few,' garndiwa, garndi-wa-ngoo-rroo (similar to 2) is 'many'	yoowarni	garndiwirri, garndiwiddi	ngarloodoo, nga-rloo-doo	garndiwirri garndiwirri	garndiwirri garndiwirri yoowarni; less often ngarloodoo garndiwirri; marla, ngirndaji marla					garndiwirri marla											yes	5: hand, this hand, 10: 2 hand						
Garrwa	2955	Garrwan			ASEDA0471, Furby & Furby 1977, ASEDA0244, Breen 2003	6	2 from PNy	yes	yes	no	no	no	3	1, 2, 2:1, 2:2, 2:2:1, 2:2:2	2:1	2:2	2:2:1	2:2:2	n/a	n/a	n/a	 'hand 2'	n/a	n/a	n/a	n/a	n/a	n/a	n/a	n/a	n/a	 'hand 2 and foot 2'	no	kujajarra (from 2+2) is 'few,' murrku (PNy) is 'a few, 3 to 5,' balalanyi, kaja (Western), kurdukurdu, kudukudu, kanymadu (Eastern), madumbaŋu, mijimbaŋu is 'many,' kudiya is 'some'	yiŋamali; yalkunyi (Western), yulganyi, yulgunyi; yingkanyi (Eastern)	kujarra, gudyara	kujarra yalkunyi, kujarra  yiŋamali, gudyara yalgunyi	kujarra kujarra, kujarra baki kujarra	kujarra baki kujarra yiŋamali	kujarra baki kujarra baki kujarra				marni kujarra										marni kujarra baki nukami kujarra	yes	10: hand 2, 20: hand 2 and foot 2						5, 6 are recent, used only in European contexts; see ASEDA0417 for separate playing card numerals for 1-3,5-8,10
Wanyi	11	Garrwan			Breen 2003, ?	4	2 from PNy	yes	yes	no	no	no	3	1, 2, 2:1, 2:2	2:1	2:2	n/a	n/a	n/a	n/a	n/a	n/a	n/a	n/a	n/a	n/a	n/a	n/a	n/a	n/a	n/a	n/a	no	muku (PNy) is 'some, several,' kaja is 'many'	yingkanyi	kujarra	kujarra-yingkanyi	kujarra-kujarra																								
Kajirrabeng	0	Jarragan				3	3 from PNy	no	no	no	no	no		1, 2, 3	opaque	n/a	n/a	n/a	n/a	n/a	n/a	n/a	n/a	n/a	n/a	n/a	n/a	n/a	n/a	n/a	n/a	n/a	?		djerrawiyang, jerrawiyang, jirrayang, jirrayany	ganggoob, garnmelb, garnmeleng	merrgern																									do not publish forms w/o permission
Kija	2	Jarragan				3	3 from PNy	no	no	no	no	no		1, 2, 3	opaque	n/a	n/a	n/a	n/a	n/a	n/a	n/a	n/a	n/a	n/a	n/a	n/a	n/a	n/a	n/a	n/a	n/a	?		ganmel, jirrawu-, jirrawuke-	pangariny	merrkernpem																									
Miriwoong	2476	Jarragan			MS1896, N&W(McG)	3	3 from PNy	no	no	no	no	no		1, 2, 3	opaque	n/a	n/a	n/a	n/a	n/a	n/a	n/a	n/a	n/a	n/a	n/a	n/a	n/a	n/a	n/a	n/a	n/a	?	nanjguyileng is 'a small amount only'	jerrawiyang, djerrawiyang, djirau	ganggub, ganggubdha, ganggubeleng	merrgen																									
Binbinka	0	Mirndi	Ngurlun																																																											
Gudanji	0	Mirndi	Ngurlun																																																											
Ngarnka	0	Mirndi	Ngurlun																																																											
Wambaya	22	Mirndi	Ngurlun		RN, ?	3	2, 3 from PNy	no	no	no	no	no		1, 2, 3	opaque	n/a	n/a	n/a	n/a	n/a	n/a	n/a	n/a	n/a	n/a	n/a	n/a	n/a	n/a	n/a	n/a	n/a	no		garndawuga, jandaji	gujarra, gujarra-	murrgun-																									
Jaminjung	1	Mirndi	Yirram																																 -nguluk																											
Ngaliwurru	1	Mirndi	Yirram																																 -nguluk																											
Nungali	0	Mirndi	Yirram																																 -nguluk																											
Jingulu	22	Mirndi				3	2, 3 from PNy	no	no	no	no	no		1, 2, 3	opaque	n/a	 'hand'	n/a	n/a	n/a	n/a	n/a	n/a	n/a	n/a	n/a	n/a	n/a	n/a	n/a	n/a	n/a	no		 -aŋgubanhi, -ngku-parni	gugjara	murrgulu, murrgunbala		marndamarnda																yes	5: hand						
Ngumbarl	0	Nyulnyulan	Eastern Nyulnyulan			3	2 from PNy	no	no	no	no	no		1, 2, 3	opaque	n/a	n/a	n/a	n/a	n/a	n/a	n/a	n/a	n/a	n/a	n/a	n/a	n/a	n/a	n/a	n/a	n/a	?		warinjarri	kujarra	kurdidi																									
Nyikina	13	Nyulnyulan	Eastern Nyulnyulan		McGregor 2004, N&W(McG)	3	2 from PNy	yes	yes	no	no	no	2	1, 2, 2:1	2:1, 2:'a few'	n/a	n/a	n/a	n/a	n/a	n/a	n/a	n/a	n/a	n/a	n/a	n/a	n/a	n/a	n/a	n/a	n/a	yes	kujarra layan '3' is also 'a few'	wandjari	kujarra, gudjara	kujarra layan; gudjara-wandjari																									
Warrwa	127	Nyulnyulan	Eastern Nyulnyulan		McGregor 2004	3	2 from PNy	yes	yes	no	no	no	2	1, 2, 3	opaque, 2:'a few'	n/a	n/a	n/a	n/a	n/a	n/a	n/a	n/a	n/a	n/a	n/a	n/a	n/a	n/a	n/a	n/a	n/a	yes	kujarra layina, layana '3' is also 'a few'	warany, wanyjarri	kujarra	kujarra layina; layana																									
Yawuru	4	Nyulnyulan	Eastern Nyulnyulan		N&W(McG)	3	2 from PNy	no	no	no	no	no		1, 2, 3	opaque	n/a	n/a	n/a	n/a	n/a	n/a	n/a	n/a	n/a	n/a	n/a	n/a	n/a	n/a	n/a	n/a	n/a	?	mandja is 'much, plenty'	waran, warandjari	gudjara	gudidi																									
Bardi	148	Nyulnyulan	Western Nyulnyulan		CB	4	2 from PNy	yes	yes	no	no	no	2	1, 2, 3, 2:2	opaque	2:2	n/a	n/a	n/a	n/a	n/a	n/a	n/a	n/a	n/a	n/a	n/a	n/a	n/a	n/a	n/a	n/a	no		arinyji	gooyarra	irrjar	gooyarra-gooyarra																	yes	some people use 'hand' for 5 but not everyone accepts that	yes	3	partly			
Jabirr-Jabirr	3	Nyulnyulan	Western Nyulnyulan		N&W(McG)	3	2 from PNy	no	no	no	no	no		1, 2, 3	opaque	n/a	n/a	n/a	n/a	n/a	n/a	n/a	n/a	n/a	n/a	n/a	n/a	n/a	n/a	n/a	n/a	n/a	?		wandjer	gudjar	irdjowar																									
Jawi	2	Nyulnyulan	Western Nyulnyulan			3	2 from PNy	yes	yes	no	no	no	2	1, 2, 3, 2:2	opaque	2:2?	n/a	n/a	n/a	n/a	n/a	n/a	n/a	n/a	n/a	n/a	n/a	n/a	n/a	n/a	n/a	n/a	yes	irgudara '3' is used for vague counting	arinyji	kuyarra	irgudara, irrjarr																									
Nimanburru	0	Nyulnyulan	Western Nyulnyulan		N&W(McG)	3	2 from PNy	no	no	no	no	no		1, 2, 3	opaque	n/a	n/a	n/a	n/a	n/a	n/a	n/a	n/a	n/a	n/a	n/a	n/a	n/a	n/a	n/a	n/a	n/a	?		warid	kujarr	irdjowar																									
Nyulnyul	9	Nyulnyulan	Western Nyulnyulan		N&W(McG)	3	2 from PNy	no	no	no	no	no		1, 2, 3	opaque	n/a	n/a	n/a	n/a	n/a	n/a	n/a	n/a	n/a	n/a	n/a	n/a	n/a	n/a	n/a	n/a	n/a	?	baniŋergod is 'that lot'	warindjer	gudjar	irdjowar																									
Warumungu	498	PNy			dis05, sim02w, JS&JH	3		yes	yes	no	no	no	2	1, 2, 2:1	2:1, opaque	n/a	n/a	n/a	n/a	n/a	n/a	n/a	n/a	n/a	n/a	n/a	n/a	n/a	n/a	n/a	n/a	n/a	yes	yurrkati, yurrkarti, wurrkartu '3' is also 'several,' tyulali, wak:api is 'many'	yarnti	kuty:arra, kutytyarra, gudjara	kuty:arra yarnti; yurrkati, yurrkarti, wurrkartu																									
Karajarri	4339	PNy	Marrngu		ASEDA0069, N&W(McG), Laves	5		yes	yes	no	no	yes	3	1, 2, 2:1, 2:2	2:1	2:2	2:?, 'hand 1 ALL'	n/a	n/a	n/a	n/a	 'hand 2 ALL'	n/a	n/a	n/a	n/a	n/a	n/a	n/a	n/a	n/a	n/a	no	wirrpamarta is 'few,' wupatu is 'a little bit, small, some,' malo is 'much, many,' wirrpa is 'few, little, some'	waraca, warraca, warany	kucarra	kucarra warany, kucarra pa waraca	kucarra pa kucarra	kucarra kutiti; papirr waraca karti					papirr kucarra karti											yes	5: hand 1 ALL, 10: hand 2 ALL						
Mangarla	2622	PNy	Marrngu		ASEDA0220, N&W(McG)	3		no	no	no	no	yes		1, 2, 3	opaque	n/a	 '1-ALL hand'	n/a	n/a	n/a	n/a	 '2-ALL hand'	n/a	n/a	n/a	n/a	n/a	n/a	n/a	n/a	n/a	n/a	no	murrkurnmarta (3-near) is 'a few,' wipiti is 'few,' wulala, kulumapu is 'much,' panu is 'many, plenty,' caya, ulala, kuruŋal is 'many,' wirrpa is 'few, little, some'	wanycu, wancu	kucarra, kuyarra	murrkun, murrkurn		wanycukarti kurrapa					kucarrakarti kurrapa											yes	5: 1-ALL hand, 10: 2-ALL hand						
Northern Mangarla	552	PNy	Marrngu		ASEDA0192	5		yes	yes	no	no	no	2	1, 2, 2:2, 2:2:1	opaque	2:2	2:2:1	n/a	n/a	n/a	n/a	n/a	n/a	n/a	n/a	n/a	n/a	n/a	n/a	n/a	n/a	n/a	no	murrkurnmarta (3-near) is 'few,' panu is 'many'	nguyarra	murrkurn	nguyarranguyarra	nguyarra2wanycu																								
Nyangumarta	2279	PNy	Marrngu		ASEDA0217, ASEDA0278, ASEDA0321, ?	3	6 from English	yes	yes	no	no	no	2	1, 2, 2:1	2:1	n/a	n/a	six	n/a	n/a	n/a	n/a	n/a	n/a	n/a	n/a	n/a	n/a	n/a	n/a	n/a	n/a	no	cinta is 'some,' capi, kurrŋal, marlu is 'many'	waraca, waraja	kucarra, kujarra	kujarrapa waraja			cikici																						
Bularnu	757	PNy	Ngarna (Warluwarric)		ASEDA0007, GB	3		yes	yes	no	no	no	2	1, 2, 2:1	2:1	n/a	n/a	n/a	n/a	n/a	n/a	n/a	n/a	n/a	n/a	n/a	n/a	n/a	n/a	n/a	n/a	n/a	no	burtka, ŋurlpa, rnuka is 'many'	yakulu	gutyiya, guciya	gudyiŋakulu																									
Wakaya	1693	PNy	Ngarna (Warluwarric)		ASEDA0139, ASEDA0047, ASEDA0140	4		yes	yes	no	no	no	2	1, 2, 3	opaque, 2:?	2:2, ?:3	n/a	n/a	n/a	n/a	n/a	n/a	n/a	n/a	n/a	n/a	n/a	n/a	n/a	n/a	n/a	n/a	no	kurruwerru is 'a few, many,' ukiya is 'a lot, a few'	yukunŋu	kiji(:)wi, kici:wiy	yawul, kic'wal	kic'iwi kic'iwi, minyciŋawul																								
Warluwarra	1224	PNy	Ngarna (Warluwarric)		ASEDA0253, GB	3		yes	yes	no	no	no	2	1, 2, 2:1	2:1	n/a	n/a	n/a	n/a	n/a	n/a	n/a	n/a	n/a	n/a	n/a	n/a	n/a	n/a	n/a	n/a	n/a	no	ŋurlpa, rnuka is 'a lot, many,' papurtu is 'a few (3-5), some'	yarɣulu, yarrwulu	kutya, guca	kutyayarrɣulu																									
Yanyuwa	4370	PNy	Ngarna (Warluwarric)		ASEDA0382, ?	4		yes	yes	no	no	no	3	1, 2, 2:1, 2:2	2:1	2:2	n/a	n/a	n/a	n/a	n/a	n/a	n/a	n/a	n/a	n/a	n/a	n/a	n/a	n/a	n/a	n/a	no	kularrkularr is 'few' (see note), jakarda, janmaka, kurdukurdu is 'many,' wilanguwarra is 'very many'	arrkula, yalku (avoidance)	kanymarda, anyirarra (avoidance)	kanymardaarr	kanymardakanymarda																								4 is rare; kularrkularr is 'a few' (could this be related to arrkula 'one'?)
Yindjilandji	167	PNy	Ngarna (Warluwarric)																																																											
?Pinkangarna	0	PNy	Ngumpin-Yapa	Ngumpin																																																										
Birlinarra	544	PNy	Ngumpin-Yapa	Ngumpin	ASEDA0661	3		no	no	no	no	no		1, 2, 3	opaque	n/a	n/a	n/a	n/a	n/a	n/a	n/a	n/a	n/a	n/a	n/a	n/a	n/a	n/a	n/a	n/a	n/a	?	jarrwa, jarrwaŋurruŋ is 'lots, many, big mob'	jindagu	gujarra	murrgun																									
Gurindji	5869	PNy	Ngumpin-Yapa	Ngumpin	ASEDA0118, ASEDA0207, McConvell-file, McGregor 2004	5	5 uses 1 from Jaru	yes	yes	no	no	no		1, 2, 3, -, 2:2:1	opaque	n/a	2:2:1	n/a	n/a	n/a	n/a	n/a	n/a	n/a	n/a	n/a	n/a	n/a	n/a	n/a	n/a	n/a	yes	murrkun '3' is also '3 or 4,' yaŋutypa is 'a little,' carrwa, tyarrwa, jarrwa is 'many, 4 or 5 and more'	cintaku, tyintaku, jintaku	kucarra, kutyarra, kujarra; tumpalak	murrkun		kutyarrakutyarra yaŋi																							5 uses 1 from Jaru; tumpalak '2' is '20 cents' in Jaru; see ASEDA0207 for separate numerals for 1-8,10,14,16-18,22-29,31-34,36-38,41-48 (counting game, counting cattle)
Gurindji (Mallee Cliffs Station to Wentworth)	110	PNy	Ngumpin-Yapa	Ngumpin	Curr87	4		yes	yes	no	no	no	2	1, 2, 2:1, 2:2	2:1	2:2	n/a	n/a	n/a	n/a	n/a	n/a	n/a	n/a	n/a	n/a	n/a	n/a	n/a	n/a	n/a	n/a	?		meta	raangool	raangool met	raangool raangool																								
Jaru	3526	PNy	Ngumpin-Yapa	Ngumpin	N&WMcG, Tsunoda-ASEDA	4		no	no	no	no	no		1, 2, 3, 4	opaque	opaque	n/a	n/a	n/a	n/a	n/a	n/a	n/a	n/a	n/a	n/a	n/a	n/a	n/a	n/a	n/a	n/a	yes	murrkun '3' is also 'few,' yaru is 'a little,' ŋuyuru, ŋuyurru, gandiwaro is 'many, plenty, a mob,' wariŋarri is 'very many,' ŋardya is 'some, a little'	yaŋi, gaŋi, yani	kutyarra, gudyara	murrkun, murgun, mogon	muntapala																								yaŋi, yani 'one' is also 'other, another'
Jiwaliny	404	PNy	Ngumpin-Yapa	Ngumpin	ASEDA0015	2		no	no	no	no	no		1, 2	n/a	n/a	n/a	n/a	n/a	n/a	n/a	n/a	n/a	n/a	n/a	n/a	n/a	n/a	n/a	n/a	n/a	n/a	?	jaya is 'many'	kayan	kurriny, (kujarra - see note)																										miil kujarra 'two eyes'
Karranga	0	PNy	Ngumpin-Yapa	Ngumpin																																																										
Kartangarurru	0	PNy	Ngumpin-Yapa	Ngumpin																																																										
Malngin	128	PNy	Ngumpin-Yapa	Ngumpin	ASEDA0128	2		no	no	no	no	no		1, 2,	n/a	n/a	n/a	n/a	n/a	n/a	n/a	n/a	n/a	n/a	n/a	n/a	n/a	n/a	n/a	n/a	n/a	n/a	?		cintapani	kucarra																										
Mudburra	4123	PNy	Ngumpin-Yapa	Ngumpin	ASEDA0269, McConvell-file, ASEDA0031, RG	4		yes	yes	no	no	no		1, 2, 3, 2:2	opaque	from 2:2	n/a	n/a	n/a	n/a	n/a	n/a	n/a	n/a	n/a	n/a	n/a	n/a	n/a	n/a	n/a	n/a	no	yaŋucpa is 'few,' tartu, warrpali, yurranya is 'many,'	cintaku, jindaku, jintaku	kucarra, kujarra	yukartu, yukardu; murrkuna	kujajarra																								
Ngardi	0	PNy	Ngumpin-Yapa	Ngumpin																																																										
Ngarinyman	1617	PNy	Ngumpin-Yapa	Ngumpin	ASEDA0796	3		no	no	no	no	no		1, 2, 3	opaque	n/a	n/a	n/a	 'no. 7 boomerang'	n/a	n/a	n/a	n/a	n/a	n/a	n/a	n/a	n/a	n/a	n/a	n/a	n/a	yes	murrkun '3' is also 'several,' carrwa is 'big mob, many'	cintaku	kucarra	murrkun				wirlki																					wirlki can be used for 7 in certain contexts (how many cards you get dealt, No. 7 boomerang); cintaku 'one' is also 'alone'
Nyininy	0	PNy	Ngumpin-Yapa	Ngumpin																																																										
Walmajarri	6606	PNy	Ngumpin-Yapa	Ngumpin	ASEDA0141, ASEDA0167, N&WMcG, hudric91, ASEDA0142, gre03ca	4		yes	yes	no	no	no	2	1, 2, 3, 2:2	opaque	2:2	n/a	n/a	n/a	n/a	n/a	n/a	n/a	n/a	n/a	n/a	n/a	n/a	n/a	n/a	n/a	n/a	yes	murgun, mungkartu '3' is also 'few,' paca, paja, patya is 'many,' bauŋero, bauŋoro is 'many, plenty,' dyaia, daia, mogodo is 'much, many, plenty'	gaian, gān, kayan, kacan (Bililuna); layi; pilparli	kurriny, gurin	kutyuntu; murgun; muŋkartu, muŋgadu	kurriny kurriny																								
Walmayarri	0	PNy	Ngumpin-Yapa	Ngumpin																																																										
Wanyjirra	0	PNy	Ngumpin-Yapa	Ngumpin																																																										
Warlmanpa	1692	PNy	Ngumpin-Yapa	Yapa	ASEDA0111, ASEDA0049	3		yes	yes	no	no	no	2	1, 2, 2:1	2:1	n/a	n/a	n/a	n/a	n/a	n/a	n/a	n/a	n/a	n/a	n/a	n/a	n/a	n/a	n/a	n/a	n/a	yes	tyinta '1' is also 'indefinite singular determiner,' tyirrama '2' is also 'indefinite dual determiner,' purtayirla(ŋu) is 'two (or more)s,' yukarti is 'several,' tartu, tartukanyanu is 'many, a lot'	jinta, tyinta	jirrama, tyirrama, tyirrima	tyirrima-tyinta																									
Warlpiri	12078	PNy	Ngumpin-Yapa	Yapa	WarlpiriDict, hal95, ASEDA0082, KLH	4		yes	yes	no	no	no	2	1, 2, 2:1, 2:2	2:1, opaque	2:2, 2:1, opaque	2:1	n/a	n/a	n/a	n/a	n/a	n/a	n/a	n/a	n/a	n/a	n/a	n/a	n/a	n/a	n/a	yes	wirrkardu, wirrdkardu-kari, marnirrpa, marnkurrpa, kalyarrpa '3' is also 'a few, several, some,' jirrama-kari-jinta is '3' but also '4' and '5'	jinta, tyinta	jirrama, tyirrama	jirrama-kari-jinta, tyirrama-tyinta; marnkurrpa; marnirrpa; wirrkardu, wirrkardu-kari; kalyarrpa	tyirrama-tyirrama, tyirrama-kari-tyirrama-kari; tyirrama-kari-tyinta; murntu(-pala)	cirramakarizcinta				narntirnki-pala																			jinta '1' is also 'alone, single, singly, single-handed, solitary, same, unique, together,' jirrama '2' is also 'pair, couple, both,' tyirrama-tyirrama '4' is also '2 pairs'; pirrka is 'tens, ten combination'
Kukatja	17303	PNy	Wati	Western Desert	ASEDA0504, ASDEDA0023, N&WMcG, ?	10		yes	yes	no	no	no	2	1, 2, 3, 2:2	opaque	2:2, opaque	opaque, 'hand'	 'water, liquid'	 'no. 7 boomerang'	 'gall of the coccid bug'	 'daytime'	 'spear'	n/a	n/a	n/a	n/a	n/a	n/a	n/a	n/a	n/a	n/a	yes	marnkurr(pa) '3' is also 'several, a few' galdu '4' is also 'plenty,' murntu is 'many, 4 (of count nouns), much (of non-count nouns),' papurr(pa) is 'few,' laltu, pila, tyarlu is 'much,' papurrmunu, yu:rn(pa) is 'very many,' katulkiRa is 'a large number, a big mob,' kutyarramunu is 'large numer, many,'	kutju, gudyu, gudu	kutjarra, kutyarra, gudyara	maŋurba, marnkurr(pa), manguru, mangura	kutjarra-kutjarra; galdu; murntu, murtu	raka; marumpu	kalyu	wirlki	ŋarlukutu	karrpu	tawu											yes	5: hand (especially when playing cards; this is a recent extended meaning)						murntu 'many, much, four' is 'used by younger speakers for the counting number 4'; raka '5' is 'a recent word; there is no connection in meaning between 'five' and 'disobedient''; kalyu '6' is 'used because of the similar appearance of "6" to a rain-drop'; ŋarlukutu '8' is 'used because of the appearance of the gall when split in two'; karrpu '9' is used because of the small circle on the top of the number'; tawu '10' is 'a recent work, used because of the similar appearance of "1" to a spear, and "0" to a spear-thrower'; see ASEDA 0504 for counting words (1,2,3,5,7,10 overlap with numeral quantifiers)
Martu Wangka	6160	PNy	Wati	Western Desert	ASEDA0210, Marsh	3	6 from English	no	no	no	no	no		1, 2, 3	opaque	n/a	n/a	six	n/a	n/a	n/a	n/a	n/a	n/a	n/a	n/a	n/a	n/a	n/a	n/a	n/a	n/a	yes	marnkurrpa '3' is also 'few, some,' upalpa, wupalpa, yupalpa is 'a few,' laltu, yarnŋa is 'many,' pirnimunu is 'not many'	kutyu	kutyarra	marnkurrpa			tyikatyi																						
Mulyara	119	PNy	Wati		Curr28	4		no	no	no	no	no		1, 2, 3, 4	opaque	opaque	n/a	n/a	n/a	n/a	n/a	n/a	n/a	n/a	n/a	n/a	n/a	n/a	n/a	n/a	n/a	n/a	?		koodia	kutharra	mangoor	chakoo																								
Ngaanyatjarra/Ngaatjatjarra	3049	PNy	Wati	Western Desert	glahac03, dis05, ASEDA0033, &H	4		yes	yes	no	no	no	2	1, 2, 3, 2:2	opaque	2:2	n/a	n/a	n/a	n/a	n/a	n/a	n/a	n/a	n/a	n/a	n/a	n/a	n/a	n/a	n/a	n/a	yes	markurrpa '3' is also 'a few,' marnkurr-marnkurrpa, kutjun-kutjunpa is 'a few,' ŋarntanykari, pirni, tyurta, walyurr(pa), wartakartal(pa) is 'many,'	kumpinyu; kutyu	kalyarrar; kutyarra; nyartuwarra	marnkurr(pa); taŋkalku; tyuku.tyuku, tyukurni; wiltya	kutjarra-kutjarra																								
Pitjantjatjara/Yankunytjatjara	9629	PNy	Wati	Western Desert	ASEDA0044, ASEDA0328, god92, gre03ca	5		yes	yes	no	no	no	3	1, 2, 3, 2:2, 2:3	opaque	2:2	2:3, five	n/a	n/a	n/a	n/a	n/a	n/a	n/a	n/a	n/a	n/a	n/a	n/a	n/a	n/a	n/a	yes	man̠kur(pa) '3' is also 'a few, several,' tyuta is 'many,' pul̠ka is 'a lot of,' tjutja is 'more than two or three, many, plenty, lots' in baby talk, anytjapir̠i is 'a whole lot of, very many of,' murka is 'lots of, many of,' tjut̠a is 'more than two or three, many, lots'	kutju, kutyu; kalani	kutyarra, kutjara	man̠kur(pa), makur(pa)	kutjara-kutjara	paipa; kutjara-man̠kur(pa)	man̠kur-man̠kur(pa)																						kutjara '2' is also 'a pair of'
Wangka	2229	PNy	Wati	Western Desert	ASEDA0709	3		no	no	no	no	no		1, 2, 3	opaque	n/a	n/a	n/a	n/a	n/a	n/a	n/a	n/a	n/a	n/a	n/a	n/a	n/a	n/a	n/a	n/a	n/a	no	marnkurriti is 'a few,' kakurti is 'few, a handful,' kurrkalpa is 'many, crowd,' arlatyarra is 'numerous, too many,' kutyupatyarra is 'others, some'	kupinyu; kutyu	kutyarra, lutyarra	marnkurrpa																									
Wangkatjunga	0	PNy	Wati	Western Desert																																																										tyikatyi '6' is from English, originally for playing cards
Warnman	2975	PNy	Wati		ASEDA0334, ASEDA0053, ASEDA0084, Geoff O'Grady	5		yes	yes	no	no	no	3, 2	1, 2, 2:1, 2:2, 2:2:1	2:1, opaque	2:2	2:2:1	n/a	n/a	n/a	n/a	n/a	n/a	n/a	n/a	n/a	n/a	n/a	n/a	n/a	n/a	n/a	no	kucarra4 partu (adds up to 9) is 'few,' kurrngalpa, yarnnga is 'many,' yantulpa is 'some, the rest,' wupaly is 'few, about 3'	kumpinyu; partu	kujarra, -kujarra; -pula	kujarra kumpinya, kujarrapartu; yupalpa, wupalypa	kucarrakucarra, kujarra kujarra	kucarra2 partu, kujarra kujarra kumpinyu																							
Yulparija	5460	PNy	Wati	Western Desert	ASEDA0032, ASEDA0087	2		no	no	no	no	no		1, 2	n/a	n/a	n/a	n/a	n/a	n/a	n/a	n/a	n/a	n/a	n/a	n/a	n/a	n/a	n/a	n/a	n/a	n/a	?	yupal, yupal(pa) is 'a few,' laltu, wuri is 'many, much,' kujaparti is 'some'	kuju; kumpinyu	kujarra																										
Ngarinyin	323	Wororan			HKL-lists, ?	4		yes	yes	no	no	no	3	1, 2, 2:1, 2:2	2:1	2:2	n/a	n/a	n/a	n/a	n/a	n/a	n/a	n/a	n/a	n/a	n/a	n/a	n/a	n/a	n/a	n/a	no	errerri is 'a few'	erri, eri, eriŋa, weriŋa	majerri, majeri	majerrijerri, majerrina, majeriieri	medjeri-yá medjeri, majamajeri																								do not publish forms w/o permission; -eri is used in 'one place,'  'one by one,' 'one other / any one,' 'one of them'; could majeri 'two' be formed with this -eri? (cf. majamajeri 'four')
Umiida	131	Wororan																																																												
Unggumi	343	Wororan			HKL-lists, ?	3		no	no	no	no	no		1, 2, 3	opaque	n/a	n/a	n/a	n/a	n/a	n/a	n/a	n/a	n/a	n/a	n/a	n/a	n/a	n/a	n/a	n/a	n/a	yes	ngarlgurru '3' is also 'a few'	wintharringga, winderri, wintharri, yherre	wintharringarndoo, wintharri-ngarndu, winhdharri-ngarndu	ngarlgurru																									
Worrorra	340	Wororan			HKL-lists, N&W(McG), ?	3		yes	no	no	no	no			1:?	n/a	 'my-wrist'	n/a	n/a	n/a	n/a	n/a	n/a	n/a	n/a	n/a	n/a	n/a	n/a	n/a	n/a	n/a	yes	iyarrungurri '3' is also 'a few'	iyarrungu, jarrungu, -yarrungu, =yarrungu, iarun, yarrungu, -anda, -andu	iyarrungarndu, yarrungu-ᵏwarndu, +aarndu	iyarrungurri, yarrungu-oorri		ŋanuŋalja																yes	5: my-wrist						
Yawijibaya	256	Wororan			HKL-lists, ?	3		no	no	no	no	no			?	n/a	n/a	n/a	n/a	n/a	n/a	n/a	n/a	n/a	n/a	n/a	n/a	n/a	n/a	n/a	n/a	n/a	?		munggadum; -du ~ -di	 -urri																										
Wardaman	1869	Yangmanic			Merlan, mor83, ?	3	3 from PNy	no	no	no	no	no		1, 2, 3	opaque	n/a	n/a	n/a	n/a	n/a	n/a	n/a	n/a	n/a	n/a	n/a	n/a	n/a	n/a	n/a	n/a	n/a	no	warrgum is 'a few,' nunyjurran, ngawurnen is 'big mob, a large number, many,' warrba is 'numerous, many,' yijarlu is 'some'	lege	guyamin	murrgun																									
Yangman	0	Yangmanic																																																												
Arabana (Peake Telegraph Station)	100	PNy	Karnic		Curr42	4		no	no	no	no	no		1, 2, 3, 4	opaque	opaque	n/a	n/a	n/a	n/a	n/a	n/a	n/a	n/a	n/a	n/a	n/a	n/a	n/a	n/a	n/a	n/a	?		weyoo	parekula	kulpura	noyoo																								
Arabana (Strangway Springs)	72	PNy	Karnic		Curr57	4		yes	yes	no	no	no	2	1, 2, -, 2:2	n/a	2:2	n/a	n/a	n/a	n/a	n/a	n/a	n/a	n/a	n/a	n/a	n/a	n/a	n/a	n/a	n/a	n/a	?		oyoo	kara-kolon		kara-kolon-kara-kolon																								
Arabana (West of Lake Eyre)	102	PNy	Karnic		Curr45	4		yes	yes	no	no	no	2	1, 2, 3, 2:2	opaque	2:2	n/a	n/a	n/a	n/a	n/a	n/a	n/a	n/a	n/a	n/a	n/a	n/a	n/a	n/a	n/a	n/a	?		oyoo	parekula	kulparte	parrkulu-parrkulu																								
Arabana (Wangkatyaka)	106	PNy	Karnic		Curr43	4		yes	yes	no	no	no	2	1, 2, 3, 2:2	opaque	2:2	n/a	n/a	n/a	n/a	n/a	n/a	n/a	n/a	n/a	n/a	n/a	n/a	n/a	n/a	n/a	n/a	?		sthuja	parekula	kulpari	parrkulu-parrkulu																								
Arabana-Wangkangurru (Arabana)	4648	PNy	Karnic		her-arabana, reund	3		no	no	no	no	no		1, 2, 3	opaque	n/a	n/a	n/a	n/a	n/a	n/a	 'hand/finger-all'	n/a	n/a	n/a	n/a	n/a	n/a	n/a	n/a	n/a	n/a	no	mirri is 'more than 3, many', kulparikari is 'only 3'	ŋuyu, windiŋuyu	parkulu	kulpari							marapratyanta											yes	10: hand/finger-all				yes	4	
Diyari	2271	PNy	Karnic	Western Karnic	aus81, Curr49, PA, reund	4	3 is 3 in Ngamini (Kopperamana) and Wangkangurru (Curr46) but 2 in rest of Karnic	yes	yes	no	no	no	2	1, 2, 3, 2:2	opaque	2:2	n/a	n/a	n/a	n/a	n/a	 'hand/finger-all'	n/a	n/a	n/a	n/a	n/a	n/a	n/a	n/a	n/a	n/a	no	ŋalyi is 'a little,' marapu is 'many,' parlpa is 'some'	kurnu, coono; kamanta, windikamanta	mandu, mandro	parkulu, barcolo, parrkulu, parkuluwora	mandro-mandro						marapratyanta											yes	10: hand/finger-all						
Kungkari	1428	PNy	Karnic		hol88, bre90, tin35, GB	4		yes	yes	no	no	no	3	1, 2, 2:1, 2:2	2:1, opaque	2:2	n/a	n/a	n/a	n/a	n/a	n/a	n/a	n/a	n/a	n/a	n/a	n/a	n/a	n/a	n/a	n/a	no	yaŋkara yaŋkara is 'many (used for numerals higher than 2)'	matina, murina; uŋal, yuŋkul; waŋkara	barcoola, boolara, bulardu, pulari, pularri, pula, pularru, pularu	tirri; barcoola matina, barcoola murina; bularaŋka:ny; kurrparu, kurruparru	barcoola barcoola																								
Mithaka	972	PNy	Karnic		bre121, brendm, aus90k	5		yes	yes	no	no	no	2	1, 2, -, 2:2, 2:2:1	n/a	2:2	2:2:1	n/a	n/a	n/a	n/a	n/a	n/a	n/a	n/a	n/a	n/a	n/a	n/a	n/a	n/a	n/a	?		kurnu	parkula, parrkulu		parkula parkula	parkula parkula kurnu																							
Ngamini (Kopperamana)	106	PNy	Karnic		Curr56	4	opaque 3 is 3 in Diyari and Wangkangurru (Curr46) but 2 in rest of Karnic	yes	yes	no	no	no	3	1, 2, 3, 2:2	1:2, opaque	2:2	n/a	n/a	n/a	n/a	n/a	n/a	n/a	n/a	n/a	n/a	n/a	n/a	n/a	n/a	n/a	n/a	?		kulnu	mondru; poolga	paruklulu; kulnu mondru	mondru-mondru																								
Ngamini	2691	PNy	Karnic		brendn, reund	3		yes	yes	no	no	no	2	1, 2, 2:1	2:1	n/a	n/a	n/a	n/a	n/a	n/a	 'hand/finger-all'	n/a	n/a	n/a	n/a	n/a	n/a	n/a	n/a	n/a	n/a	no	wita, witla is 'a lot,' paRpa is 'some, several'	ŋun[h]ara, ŋunara, windiŋunara	par[a]kuna, parkuna	par[a]kunaŋuna, parakuna ŋunara, paRkuna ŋanha?, parkunaŋunu							marapratyanta											yes	10: hand/finger-all						
Ngulupulu	115	PNy	Karnic		Curr105	4		yes	yes	no	no	no	3	1, 2, 2:1, 2:2	2:1	2:2	n/a	n/a	n/a	n/a	n/a	n/a	n/a	n/a	n/a	n/a	n/a	n/a	n/a	n/a	n/a	n/a	?		ooroo	barkoola	barkooleroo	barkoola-barkoola																								
Nhirrpi	366	PNy	Karnic		bow-nhi	3		yes	yes	no	no	no	2	1, 2, 2:1	2:1	n/a	n/a	n/a	n/a	n/a	n/a	n/a	n/a	n/a	n/a	n/a	n/a	n/a	n/a	n/a	n/a	n/a	?		kurnu	parrkulu	parrkulu kurnu																									
Pirriya	385	PNy	Karnic		bre90, tin38, GB	4		yes	yes	no	no	no	3	1, 2, 2:1, 2:2	2:1, opaque	2:2	n/a	n/a	n/a	n/a	n/a	n/a	n/a	n/a	n/a	n/a	n/a	n/a	n/a	n/a	n/a	n/a	?		marinha; warba	bularu, parrkula, parrkulu	kur:bara; parrkula marinha	parrkula parrkula																								
Pitta-Pitta	961	PNy	Karnic		bla0275, BB PA CLE, Curr 102a	4		yes	yes	no	no	no	3	1, 2, 2:1, 2:2	2:1	2:2	n/a	n/a	n/a	n/a	n/a	n/a	n/a	n/a	n/a	n/a	n/a	n/a	n/a	n/a	n/a	n/a	no	ŋarnrtarta is 'a few,' parri is 'many,' punhi is 'many'	ŋuRuRu, noora	parrhkula, parrkula, barcoola	barcoola noora	barcoola-barcoola																								
Punthamara	349	PNy	Karnic		hol88	3		yes	yes	no	no	no	2	1, 2, 2:1	2:1	n/a	n/a	n/a	n/a	n/a	n/a	n/a	n/a	n/a	n/a	n/a	n/a	n/a	n/a	n/a	n/a	n/a	?		watyuwali	parkula, parkulu	parkuwatyu																									
Ringu Ringu	198	PNy	Karnic		Curr102c, Curr102d	4		yes	yes	no	no	no	3	1, 2, 2:1, 2:2	1:2, 2:1	2:2	n/a	n/a	n/a	n/a	n/a	n/a	n/a	n/a	n/a	n/a	n/a	n/a	n/a	n/a	n/a	n/a	?		ngooroo, knooroora	barcoola, barkoola	ngooroo-barcoola, barkoola knoora	barcoola-barcoola, barkoola-barkoola																								
Wangkangurru	1706	PNy	Karnic		reund	3		no	no	no	no	no		1, 2, 3	opaque	n/a	n/a	n/a	n/a	n/a	n/a	 'hand/finger-all'	n/a	n/a	n/a	n/a	n/a	n/a	n/a	n/a	n/a	n/a	no	mirri is 'many, an indefinite number above 3,' kulparikari is 'only 3,' watuŋanta is 'some, several'	ŋuyu, windiŋuyu	parkulu	kulpari							marapratyanta											yes	10: hand/finger-all						
Wangkangurru (Warburton River)	218	PNy	Karnic		Curr46, Curr47	4	Curr46 3 is 3 in Diyari and Ngamini (Kopperamana) but 2 in rest of Karnic	yes	yes	no	no	no	2	1, 2, 3, 2:2	opaque	2:2	n/a	n/a	n/a	n/a	n/a	n/a	n/a	n/a	n/a	n/a	n/a	n/a	n/a	n/a	n/a	n/a	?		koono	mandroo; parakooloo	parrakoolo; koolparie	mandroo-mandroo																								
Wangkayutyuru	1028	PNy	Karnic		blandw	5	4 looks like 'many' in Warlpiri, 5 looks like 'some' in Marrngu (!)	yes	yes	no	no	no	2	1, 2, 2:1, 4, 5	2:1	opaque	opaque	n/a	n/a	n/a	n/a	n/a	n/a	n/a	n/a	n/a	n/a	n/a	n/a	n/a	n/a	n/a	no	ŋanta, ŋantarta is 'a few'	kunyala	parrkulu	parrkulukunyu	walkana	wirr/lpariŋa																							
Wangkumara (Cooper's Creek)	105	PNy	Karnic		Curr50	4		yes	yes	no	no	no	3	1, 2, 2:1, 2:2	2:1	2:2	n/a	n/a	n/a	n/a	n/a	n/a	n/a	n/a	n/a	n/a	n/a	n/a	n/a	n/a	n/a	n/a	?		watchualie	barcoola	barcoola therwatchoo	barcoola tra barcoola																								
Wangkumara (Nockatoonga)	91	PNy	Karnic		Curr51	3		no	no	no	no	no		1, 2, 3	opaque	n/a	n/a	n/a	n/a	n/a	n/a	n/a	n/a	n/a	n/a	n/a	n/a	n/a	n/a	n/a	n/a	n/a	?		witeyooally	barkoola	wunnoo																									
Wangkumara (Thargominda)	140	PNy	Karnic		Curr52	4		yes	yes	no	no	no	3	1, 2, 2:?, 2:2	2:?	2:2	n/a	n/a	n/a	n/a	n/a	n/a	n/a	n/a	n/a	n/a	n/a	n/a	n/a	n/a	n/a	n/a	?		tharranya	barcoola	barcoola go warra	barcoola-barcoola																								
Wangkumara	1344	PNy	Karnic		robnd	4		yes	yes	no	no	no	3	1, 2, 2:1, 2:2	2:1	2:2	 'hand'	n/a	n/a	n/a	n/a	n/a	n/a	n/a	n/a	n/a	n/a	n/a	n/a	n/a	n/a	n/a	no	buka is 'many, all,' warndru is 'many'	watyuwarli	parrkulu	parrkuwatyu	parrkulparrkulu	mara																yes	5: hand						
Wangkumara (Garlali)	246	PNy	Karnic		mcdwur79	2		no	no	no	no	no		1, 2	n/a	n/a	n/a	n/a	n/a	n/a	n/a	n/a	n/a	n/a	n/a	n/a	n/a	n/a	n/a	n/a	n/a	n/a	?		watyu	barrkulu																										
Yandruwandha (Cooper's Creek)	236	PNy	Karnic		Curr48a, Curr48b	4		yes	yes	no	no	no	3	1, 2, 2:1, 2:2	2:1	2:2	n/a	n/a	n/a	n/a	n/a	n/a	n/a	n/a	n/a	n/a	n/a	n/a	n/a	n/a	n/a	n/a	?		goona, koornoo	barkoola, parakoola	barkoola goona, parakoola koornoo	parrkula-parrkula																								
Yandruwandha	2405	PNy	Karnic		reund, breyandr, PA, aus90k	4		yes	yes	no	no	no	3	1, 2, 2:1, 2:2	2:1	2:2	 'hand'	n/a	n/a	n/a	n/a	 'hand 2, hand-many'	n/a	n/a	n/a	n/a	n/a	n/a	n/a	n/a	n/a	n/a	no	ŋalyi is 'a little, some,' malkirri is 'many, a lot'	kulno, kurnu	parrkulu; pulpa	parrkukurnu	parrkulu parrkulu	mara					mara parrkulu; maramalkiri											yes	5: hand; 10: hand 2, hand-many						
Yarluyandi (North Shore of Lake Eyre)	79	PNy	Karnic		Curr44	4		yes	yes	no	no	no	3	1, 2, 2:?, 2:2	2:?	2:2	n/a	n/a	n/a	n/a	n/a	n/a	n/a	n/a	n/a	n/a	n/a	n/a	n/a	n/a	n/a	n/a	?		sthunara	parekulu	parakuauna	parrkulu-parrkulu																								
Yarluyandi	523	PNy	Karnic		ASEDA0251, aus90k	2		no	no	no	no	no		1, 2	n/a	n/a	n/a	n/a	n/a	n/a	n/a	n/a	n/a	n/a	n/a	n/a	n/a	n/a	n/a	n/a	n/a	n/a	?		kunya	parrkulu																										
Yawarrawarrka	1696	PNy	Karnic		reund, PA, aus90k	3		yes	yes	no	no	no	2	1, 2, 2:1	2:1	n/a	n/a	n/a	n/a	n/a	n/a	 'hand/finger-all'	n/a	n/a	n/a	n/a	n/a	n/a	n/a	n/a	n/a	n/a	no	ŋalye is 'some, several,' parkukulnunya is 'only 3'	kulno, kurnu; tupuru	parkutili, parrkulu	parkukulno							marapanina											yes	10: hand/finger-all						
Adnyamathanha	3236	PNy	Thura-Yura		ASEDA0064, ASEDA0101, McEnteeMcKenzie, GNOG	6		yes	no	yes?	no	no		1, 2, 3	opaque	n/a	n/a	3:3	n/a	n/a	n/a	n/a	n/a	n/a	n/a	n/a	n/a	n/a	n/a	n/a	n/a	n/a	yes	urlparrxinha is '2' and '3,' ŋarla-panha is 'many, plenty'	ubanaka, ubma, ubmanaka, ubmanhaka, ubm-ata, upma	alypilhanha, alypili; urlparrxaka, urlparrxinha	urlpa-rrina, urlparrxinha			urlpa-urlpa-rrina																				yes	10	does ulpa- have a meaning of its own?
Adnyamathanha (Wonoka)	103	PNy	Thura-Yura		Curr61	4		yes	yes	no	no	no	2	1, 2, 3, 2:2	opaque	2:2	n/a	n/a	n/a	n/a	n/a	n/a	n/a	n/a	n/a	n/a	n/a	n/a	n/a	n/a	n/a	n/a	?		oobmana	alpilya	ooparrie	alpilya-alpilya																								
Kaurna	4079	PNy	Thura-Yura		ASEDA0539, ASEDA0068, Curr68, teisch40, N&W(McG)	6		yes	no	no	yes	no	2	1, 2, 3, 4, 4:1, 4:2	opaque	opaque	4:1	4:2	n/a	n/a	n/a	n/a	n/a	n/a	n/a	n/a	n/a	n/a	n/a	n/a	n/a	n/a	no	kutyo, kutyu is 'little, few, the rest,' nganta, tawata, partana is 'many, much,' wiwurra is 'multitude, very many'	koma, kuma	parlaitye, purlaitye, purlayitye, bulaidje	marnkuje, marnkutye	yärrabula, yerrabulla, yerrabula	yerrabula kuma	yerrabula purlaitye																				yes	9	kuma '1' is also 'another'
Kaurna	3466	PNy	Thura-Yura		ASEDA0201	10	10 from English	yes	no	no	yes	no	2	1, 2, 3, 4, 4:1, 4:2, 7, 8	opaque	opaque	4-?, 4:1	opaque, 4:2	opaque	opaque	6	ten	n/a	n/a	n/a	n/a	n/a	n/a	n/a	n/a	n/a	opaque	no	kutyo is 'few,' monn, partanna, tauata is 'many, much' nganta, witte, wittewitte is 'much,' wiwurra is 'very many'	kuma; mangoui"t	burlatji, pollai"	mangoui"t, marnkudji, marnkutye	arai"sh; yerrabula	arai"; yerrabula kuma	paltann; yerrabula purlaitye	koutcho	poullagounn	paltann	tenndo										kouatcho						yes	9	
Kuyani (Eastern Shore of Lake Torrens)	156	PNy	Thura-Yura		Curr62	4		no	no	no	no	no		1, 2, 3	opaque	?:?	n/a	n/a	n/a	n/a	n/a	n/a	n/a	n/a	n/a	n/a	n/a	n/a	n/a	n/a	n/a	n/a	?		koopmana	kylepela	koolparoo	merndoona-merndoona																								
Kuyani	1574	PNy	Thura-Yura		reund, Curr60a, GNOG	4		yes	yes	no	no	no	2	1, 2, 3, 2:2	opaque	2:2	n/a	n/a	n/a	n/a	n/a	 'hand/finger-all'	n/a	n/a	n/a	n/a	n/a	n/a	n/a	n/a	n/a	n/a	no	mudra is 'some, several'	kumana, kupnana, coobmana, kubmanha	mandu, mundru	kulpari, culpara	mundru-mundru						marakuruninkuta											yes	10: hand/finger-all						
Narangga (Yorke's Peninsula)	154	PNy	Thura-Yura	Yura	Curr67	4		yes	yes	no	no	no		1, 2, 3	opaque	now:2	n/a	n/a	n/a	n/a	n/a	n/a	n/a	n/a	n/a	n/a	n/a	n/a	n/a	n/a	n/a	n/a	?		ariekoo	puli	mangoore	gerrie bulli																								
Narangga	1114	PNy	Thura-Yura	Yura	ASEDA0257, NharranggaWarra	6		yes	yes	no	no	no	2	1, 2, 3, ?:2, ?:2:1	opaque	2:2, ?:2	?:2:1	from 'sixth child (male)'	n/a	n/a	n/a	?:2	n/a	n/a	n/a	n/a	n/a	n/a	n/a	n/a	n/a	n/a	?	marna is 'many, plenty,' marn-marna is 'numbers above 5'	kuma; ŋari, ngarri, ngarrigu	purlayi, burlai	marŋawi, manggurri, mar.ngurri	yara-purlayi; purlayi purlayi; jErrabula	yara-purlayi ŋari	marru				kara purlayi																yes	8	
Nukunu	436	PNy	Thura-Yura		her92, Curr65	3		no	no	no	no	no		1, 2, 3	opaque	n/a	n/a	n/a	n/a	n/a	n/a	n/a	n/a	n/a	n/a	n/a	n/a	n/a	n/a	n/a	n/a	n/a	?	marna is 'many, a crowd, much'	kupmana, kouman	pulanha, boodlina	mankwina, mungweena																							yes	8	
Parnkala	7924	PNy	Thura-Yura		ASEDA0256, Curr41, OG&K, N&W(McG), ASEDA0077	4		no	no	no	no	no		1, 2, 3, 4	opaque	opaque	n/a	n/a	n/a	n/a	n/a	n/a	n/a	n/a	n/a	n/a	n/a	n/a	n/a	n/a	n/a	n/a	yes	kappa, kulbarri '3' is also 'several,' kutyubidni is 'some,' kaltya is 'great number'	kubmanna, kuma, gumana	kalbelli, kallpille, gulbali; kuttara, gutjuru; kakiti; pututya	kappa, kapo; kulparri, koolperrie, kulbarri	ngerla																						yes	9	kalbelli '2' is also 'a pair,' pututya '2' is also 'in pieces'
Parnkala (Gawler Range)	136	PNy	Thura-Yura		Curr63	10		no	no	no	no	no		1, 2, 3, 4	opaque	opaque	n/a	n/a	opaque	opaque	opaque	opaque	n/a	n/a	n/a	n/a	n/a	n/a	n/a	n/a	n/a	n/a	?		goo-o-mana	kilbelly	koolberri	nulla			merna	minnawutha	koortillyi	koorijuno																		
Wirangu	1303	PNy	Thura-Yura		ASEDA0080, LH, GNOG, Her99	5		no	no	no	no	no		1, 2, 3, 4, 5	opaque	opaque	opaque	n/a	n/a	n/a	n/a	n/a	n/a	n/a	n/a	n/a	n/a	n/a	n/a	n/a	n/a	n/a	yes	kapu '4' is also 'small group,' wima '5' is also 'more than 5,' kuman2 is 'few,' marna, warra.marna is 'a lot, many'	kuma, kumartu	kuthara, kutharra	kulparri; yalkarta, yarrkarta	kapu	wima, wimaardu																							
Wirangu (Streaky Bay)	205	PNy	Thura-Yura		Curr40a, Curr40b	4		no	no	no	no	no		1, 2, 3, 4	opaque	opaque	n/a	n/a	n/a	n/a	n/a	n/a	n/a	n/a	n/a	n/a	n/a	n/a	n/a	n/a	n/a	n/a	yes	yalkata '4' is also 'many'	kooma	kootera, koothera	kaboo, karboo	wima; yalkata																								
Dhangu	526	PNy	Yolŋu		schebeck, sch74	3		no	no	no	no	no		1, 2, 3	opaque	n/a	 'hand'	n/a	n/a	n/a	n/a	n/a	n/a	n/a	n/a	n/a	n/a	n/a	n/a	n/a	n/a	n/a	yes	l̠urrkun' '3' is also 'a few, some, a little, several (3 to 5),' gul̠ku(') is 'many, much, several, lots'	waŋgany	bulal	l̠urrkun'		goŋ																yes	5: hand/finger(s)						
Dhuwal (Djapu)	1249	PNy	Yolŋu	Central Yolngu	mor83	3		no	no	no	no	no		1, 2, 3	opaque	n/a	 'hand'	n/a	n/a	n/a	n/a	n/a	n/a	n/a	n/a	n/a	n/a	n/a	n/a	n/a	n/a	n/a	yes	l̠urrkun' '3' is also 'a few, some, a little, several (3 to 5),' dhaŋaŋ(') is 'full; many, lots, plenty (of)'	waŋgany	bulal'; ma:rrma'; maltyan̠a(')	l̠urrkun'		goŋ																yes	5: hand/finger(s)						
Dhuwala (Gupapuyngu)	5817	PNy	Yolŋu	Central Yolngu	BL, BL-MC, Zorc-MC	3		no	no	no	no	no		1, 2, 3	opaque	n/a	 'hand'	n/a	n/a	n/a	n/a	n/a	n/a	n/a	n/a	n/a	n/a	n/a	n/a	n/a	n/a	n/a	yes	warŋarrk '3' is also 'few, a little,' wiraŋ'wiraŋ is 'few,' labina is 'few, some,' gorraŋ is 'few, little, not much, not many,' d̠ibid̠ibi is 'few, little, small (amount),' ma:ypa('), gorrmarr, gul̠ku('), dharrwa is 'many, lots (of), much'	waŋgany	bulal', bulal7; ma:rrma'; maltyan̠a(')	warŋarrk		goŋ																yes	5: hand/finger(s)				yes	3	
Djinaŋ	6456	PNy	Yolŋu		ASEDA0009	3		no	no	no	no	no		1, 2, 3	opaque	n/a	 'hand'	n/a	n/a	n/a	n/a	n/a	n/a	n/a	n/a	n/a	n/a	n/a	n/a	n/a	n/a	n/a	yes	warrŋguwili '3' is also 'a few (i.e. paucal number),' mirrpili is 'a few,' bilawili is 'few,' burr, galbi, gul̠ukŋ, wikŋ, wil̠irrtya is 'many, much,' nyibi is 'some'	wurpmi	bilawili; bin.gili	l̠urrkun; warrŋguwili		gumbirri																yes	5: hand				yes	2	
Ritharrngu	2058	PNy	Yolŋu		Heath	3		no	no	no	no	no		1, 2, 3	opaque	n/a	 'hand'	n/a	n/a	n/a	n/a	n/a	n/a	n/a	n/a	n/a	n/a	n/a	n/a	n/a	n/a	n/a	yes	l̠urrkun' '3' is also 'a few, some, a little, several (3 to 5),' baru, gul̠ku(') is 'many, much, lots (of)'	wid̠ipiyaŋ(')	bulal'	l̠urrkun'		goŋ																yes	5: hand/finger(s)				yes	3	
Yan-nhangu	2965	PNy	Yolŋu	Nhangu	CB-fieldnotes	3		no	no	no	no	no		1, 2, 3	opaque	n/a	 'hand 1'	n/a	n/a	n/a	n/a	n/a	n/a	n/a	n/a	n/a	n/a	n/a	n/a	n/a	n/a	n/a	yes	l̠urrkun '3' is also 'few,' manapaŋwala, manapaŋu is 'many'	wal̠ip	*ma:rrma'; bulal'; manaya	l̠urrkun		goku-wal̠ip																yes	5: hand 1						
Deniliquin	114	PNy	Central NSW		Curr190o	4		yes	yes	no	no	no	3	1, 2, 2:1, 2:2	2:1	2:2	n/a	n/a	n/a	n/a	n/a	n/a	n/a	n/a	n/a	n/a	n/a	n/a	n/a	n/a	n/a	n/a	?		ongbee	pula	bul-la ongbee	bulla bulla																								
Gamilaraay (Barraba)	110	PNy	Central NSW		Curr181g	4		yes	yes	no	no	no	2	1, 2, 3, 2:2	opaque	2:2	n/a	n/a	n/a	n/a	n/a	n/a	n/a	n/a	n/a	n/a	n/a	n/a	n/a	n/a	n/a	n/a	?		marl	pula	kooleba	boolar-boolar																								
Gamilaraay (Bogabrie)	100	PNy	Central NSW		Curr181h	4		yes	yes	no	no	no	2	1, 2, 3, 2:2	opaque	2:2	n/a	n/a	n/a	n/a	n/a	n/a	n/a	n/a	n/a	n/a	n/a	n/a	n/a	n/a	n/a	n/a	?		mal	pulera	koolipa	poolera poolera																								
Gamilaraay	1752	PNy	Central NSW		ASEDA0434, N&WMcG, Curr 3, SofM 1987 04 30, ash03, PA	4		yes	yes	no	no	no	2	1, 2, 3, 2:2	opaque	2:2, opaque	n/a	n/a	n/a	n/a	n/a	n/a	n/a	n/a	n/a	n/a	n/a	n/a	n/a	n/a	n/a	n/a	?	purrula: is 'many'	ma:l, maal, mal, mago; yaman	bala, bula, bula:rr, bulaarr, bular, bulara, pula:rr; gabu	kulipa:, guliba, bulaba, culeba; buragulam	bula-bula, bular-bular, bulira-bulira; burûl; gabu-gabu; mulambu																								
Gamilaraay (Kamilaroi)	3210	PNy	Central NSW		KAOL Ridley [KML], Mathews KML + Dwl 1903	20		yes	yes	yes?	no	yes	3, 4, 5	1, 2, 3, 2:2, 5	opaque	2:2	2:3, opaque	3:3, 1:5:?	2:5:?	3:5:?	2:2:5:?	2-ya hand	1:foot:?	2:foot:?	3:foot:?	2:2:foot:?	5:foot	1:foot:5	2:foot:5	3:foot:5	2:2:foot:5	2-ya foot	no	gunabila is 'few,' burula is 'many'	mal	bularu, parrkula, parrkulu	guliba	balar-balar, bular-bular, bular-bularu	bular-guliba; malanbu	guliba-guliba; mal-malanbu mammi	balar-malanbu mammi	guliba-malanbu mammi	balar-balar-malanbu mammi	balar-ya marra	mal dinna mammi	balar dinna mammi	guliba dinna mammi	balar-balar dinna mammi	malanbu dinna	mal dinna malanbu	balar dinna malanbu	guliba dinna malanbu	balar-balar dinna malanbu	balar-ya dinna	yes	10: 2 hand; foot used in 11-20						
Gamilaraay (Kamilaroi Station)	91	PNy	Central NSW		Curr96	4		yes	yes	no	no	no	2	1, 2, 2:1, 4	2:1	opaque	n/a	n/a	n/a	n/a	n/a	n/a	n/a	n/a	n/a	n/a	n/a	n/a	n/a	n/a	n/a	n/a	?		goreen	bulla	bulla-go-go-run	in-ca-moo																								
Gamilaraay (Moree)	99	PNy	Central NSW		Curr181d	3		no	no	no	no	no		1, 2, 3	opaque	n/a	n/a	n/a	n/a	n/a	n/a	n/a	n/a	n/a	n/a	n/a	n/a	n/a	n/a	n/a	n/a	n/a	?		mal	pula:	kooliba																									
Gamilaraay (Namoi)	110	PNy	Central NSW		Curr181f	4		yes	yes	no	no	no	2	1, 2, 3, 2:2	opaque	2:2	n/a	n/a	n/a	n/a	n/a	n/a	n/a	n/a	n/a	n/a	n/a	n/a	n/a	n/a	n/a	n/a	?		marl	pula	koolaba	boola boola																								
Gamilaraay (Nundle)	57	PNy	Central NSW		Curr181e	3		no	no	no	no	no		1, 2, 3	opaque	n/a	n/a	n/a	n/a	n/a	n/a	n/a	n/a	n/a	n/a	n/a	n/a	n/a	n/a	n/a	n/a	n/a	?		marl	pula:	kooliba																									
Muruwari	4269	PNy	Central NSW		ASEDA0252, ASEDA0474, N&WMcG	10		yes	yes	no	yes?	yes	3, 4	1, 2, 2:1, 2:?	2:1	2:?	 'hand-LOC'	hand-LOC:?	hand-LOC:2	4:4	hand-LOC:4	hand-LOC hand-LOC	n/a	n/a	n/a	n/a	n/a	n/a	n/a	n/a	n/a	n/a	?	kalkara is 'many (more than 3)'	yaman	kapu; purral	kapu-yaman; purrakulayaman, burugulo yaman	kapulanta	marangka	marangkawa, marangkuwa	marangka kapu	kapulanta kapulanta	marangka kapulanta	marangka marangka											yes	5: hand-LOC; this 5 used in 6-10						purral '2' is also 'a pair'
Ngiyampaa	925	PNy	Central NSW		AL&T Honery (Ridley) [NYMBA], Mathews NYMBA 1904	4		yes	yes	no	no	no	2	1, 2, 3, 2:2	opaque	2:2	?:hand	n/a	n/a	n/a	n/a	n/a	n/a	n/a	n/a	n/a	n/a	n/a	n/a	n/a	n/a	n/a	?	gulangai is 'some'	magu	bulagar	galiba	bulagar-bulagar	wirangan marra																yes	5: ?-hand						
Wayilwan (Culgoa River)	93	PNy	Central NSW		Curr182	4		yes	yes	no	no	no	2	1, 2, 3, 2:2	opaque	2:2	n/a	n/a	n/a	n/a	n/a	n/a	n/a	n/a	n/a	n/a	n/a	n/a	n/a	n/a	n/a	n/a	?		yahumun	kubbo	booragoolam	kubbo-kubbo																								
Wayilwan (Brewarrina and Barwan River)	109	PNy	Central NSW		Curr183	4		yes	yes	no	no	no	2	1, 2, 3, 2:2	opaque	2:2	n/a	n/a	n/a	n/a	n/a	n/a	n/a	n/a	n/a	n/a	n/a	n/a	n/a	n/a	n/a	n/a	?		mago	boollaga	gulliba	boollaga-boollaga																								
Wiradjuri (Carcoar)	98	PNy	Central NSW		Curr190i	4		yes	yes	no	no	no	3	1, 2, 2:1, 2:2	2:1	2:2	n/a	n/a	n/a	n/a	n/a	n/a	n/a	n/a	n/a	n/a	n/a	n/a	n/a	n/a	n/a	n/a	?		ongbee	pula	bulla ongbee	bulla bulla																								
Wiradjuri (Dubbo)	106	PNy	Central NSW		Curr190c	4		yes	yes	no	no	no	3	1, 2, 2:1, 2:2	2:1	2:2	n/a	n/a	n/a	n/a	n/a	n/a	n/a	n/a	n/a	n/a	n/a	n/a	n/a	n/a	n/a	n/a	?		oonby	pula	bulla oonby	bulla bulla																								
Wiradjuri (Hill End)	105	PNy	Central NSW		Curr190e	4		yes	yes	no	no	no	3	1, 2, 2:1, 2:2	2:1	2:2	n/a	n/a	n/a	n/a	n/a	n/a	n/a	n/a	n/a	n/a	n/a	n/a	n/a	n/a	n/a	n/a	?		miko	bullagut	bullagut miko	bullagut-bullagut																								
Wiradjuri (Sources of Bogan River)	105	PNy	Central NSW		Curr190h	4		yes	yes	no	no	no	3	1, 2, 2:1, 2:2	2:1	2:2	n/a	n/a	n/a	n/a	n/a	n/a	n/a	n/a	n/a	n/a	n/a	n/a	n/a	n/a	n/a	n/a	?		muggo	bullager	bulla muggo	bullager bullager																								
Wiradjuri (Wiradhurri)	10693	PNy	Central NSW		Curr, E.M.: 3, Larmer (RSNSW) JnL&M, Schmidt, P.W.: WIRA, SofM 1897 02 27 [GCN], Mathews: 8006/3/4- Vol.1, Mitchell, T.L.: 5: Lachlan R, Günther WIRA (Fraser)	5		yes	yes	no	no	yes?	3, 2	1, 2, 2:1, 2:2, 2:2:1	2:1, opaque	2:2, opaque	2:2:1, opaque	n/a	n/a	n/a	n/a	5:5, opaque	n/a	n/a	n/a	n/a	n/a	n/a	n/a	n/a	n/a	n/a	yes	madu '5' is also '4' and 'many,' ngunbai-ngnubai, ŋunbaay-ŋunbaay, ŋunbai-ŋunbai (1:1) is 'few,' gulbir is 'few,' buba-dyul, bulibil, galbar, nanbayi-gal mayin, ŋunbai-ma-raŋ is 'some'	magu, migu, mawa; midang; [ŋ]anbi, [ŋ]ånbi, [ŋ]åŋbi, [ŋ]unbai, [ŋ]unbåi, [ŋ]unbi, munbai, naŋgåi, nganbi, ngunbai, nyunbi, ŋanbai, ŋanbiya, ŋunbai, ŋunbi, onebi, wåmbai, wånbåi, wunbi, yunbai; wallawin; dangu; guwayinbayin	bala, balaga, balagad, balar, bula, buliga, buliya, bulla, bullah; yurawal	bala [ng]imbai, bala magu, bala ngamibya, bala ngångbi, bala ngunbi, bala wåmbai, bala wånbåi, bbalgad migu, balangabai, balå-nganbi, balawån, bula ngunbai, bula ngunbåi, bula-nganbi, bulå-ngånbi, bula-ngumbi, bula-ngunbai, buliga mugu, bulla onebi, balaguwayinbayin; dhuraluwa	bala bala, balaga balaga, balagut-balagut, bula bula, buliga buliga, bulla bulla, bullah bulla; bangu, bångu, bungu; dinawa; madu, mardu, muddu	bala bala wåmbai; bungululån; gara; madu; yuŋGuwi					dyilbaribang; madu madu																		
Wiradjuri	668	PNy	Central NSW		Hosking/McNicol1993	4		yes	yes	no	no	no	3	1, 2, 2:1, 2:2	2:1, 1:2	2:2, opaque	n/a	n/a	n/a	n/a	n/a	n/a	n/a	n/a	n/a	n/a	n/a	n/a	n/a	n/a	n/a	n/a	no	kalaŋ, pina:l, piyaŋ, puŋku, puŋku-puŋu is 'many, much, all'	ŋunpa:y	pula	ŋunpa:y-pula, pula-ŋunpa:y	pula-pula; puŋu																								
Yuwaalaraay	622	PNy	Central NSW		ash03, N&WMcG, SofM 1897 03 31 [p.88.3: Quinn], CW	3		no	no	no	no	no		1, 2, 3	opaque	n/a	n/a	n/a	n/a	n/a	n/a	n/a	n/a	n/a	n/a	n/a	n/a	n/a	n/a	n/a	n/a	n/a	no	gulbir is 'some,' kun.kun, ma:mi:, purrula:, .kalka:, yinarra:kala: is 'many'	malan, milan; pi:rr, piyarr; .tHu:l	balara, bula:rr, bular, pula:rr	guliba, guliba:, kulipa:; pawa																									
Yuwaaliyaay (Balonne, Nerran)	111	PNy	Central NSW		Curr175a	4		yes	yes	no	no	no	2	1, 2, 3, 2:2	opaque	2:2	n/a	n/a	n/a	n/a	n/a	n/a	n/a	n/a	n/a	n/a	n/a	n/a	n/a	n/a	n/a	n/a	?		bee-er	pula:	koolebar	boolar-boolar																								
Yuwaaliyaay (Yuwaalayaay)	278	PNy	Central NSW		ash03	3		no	no	no	no	no		1, 2, 3	opaque	n/a	n/a	n/a	n/a	n/a	n/a	n/a	n/a	n/a	n/a	n/a	n/a	n/a	n/a	n/a	n/a	n/a	?	purrula:, .kalka: is 'many'	pi:rr, piyarr; milan; .DHu:l	pula:rr	kulipa:																									
Wonnarua		Pny	Yuin-Kuri			4																													manan	bulwarra	nalaran, waggul	darri, garrawil																								
Dharawal			Yuin-Kuri																																																											
Awabakal			Yuin-Kuri			4																													wagal	bulwarra	ngaru	waran																								
Birrpayi			Yuin-Kuri			5																													wågal	bula, bala	buru-wi	galuna-långm blarvo-blarvo, boolorakoo-boolorakoo	bilabu bilabu wagul																							
Darkinyung			Yuin-Kuri			3																													wagul	bula	barang, bulawagul, gurai																									
