ID,Local_ID,Language_ID,Parameter_ID,Value,Form,Segments,Comment,Source,Cognacy,Loan,Graphemes,Profile
Bunuba-1_one-1,,Bunuba,1_one,yuwarna; yimanjarri (mother-in-law),yuwarna,,,Bowern2012,,,,
Bunuba-2_two-1,,Bunuba,2_two,thurranda; yimiyandi (mother-in-law),thurranda,,,Bowern2012,,,,
Bunuba-3_three-1,,Bunuba,3_three,ngarlgurru,ngarlgurru,,,Bowern2012,,,,
Gooni-1_one-1,,Gooni,1_one,yoowarni,yoowarni,,,Bowern2012,,,,
Gooni-2_two-1,,Gooni,2_two,"garndiwirri, garndiwiddi",garndiwirri,,,Bowern2012,,,,
Gooni-3_three-1,,Gooni,3_three,"ngarloodoo, nga-rloo-doo",ngarloodoo,,,Bowern2012,,,,
Gooni-4_four-1,,Gooni,4_four,garndiwirri garndiwirri,garndiwirri garndiwirri,,,Bowern2012,,,,
Gooni-5_five-1,,Gooni,5_five,"garndiwirri garndiwirri yoowarni; less often ngarloodoo garndiwirri; marla, ngirndaji marla",garndiwirri garndiwirri yoowarni,,,Bowern2012,,,,
Gooni-10_ten-1,,Gooni,10_ten,garndiwirri marla,garndiwirri marla,,,Bowern2012,,,,
Garrwa-1_one-1,,Garrwa,1_one,"yiŋamali; yalkunyi (Western), yulganyi, yulgunyi; yingkanyi (Eastern)",yiŋamali,,,Bowern2012,,,,
Garrwa-2_two-1,,Garrwa,2_two,"kujarra, gudyara",kujarra,,,Bowern2012,,,,
Garrwa-3_three-1,,Garrwa,3_three,"kujarra yalkunyi, kujarra  yiŋamali, gudyara yalgunyi",kujarra yalkunyi,,,Bowern2012,,,,
Garrwa-4_four-1,,Garrwa,4_four,"kujarra kujarra, kujarra baki kujarra",kujarra kujarra,,,Bowern2012,,,,
Garrwa-5_five-1,,Garrwa,5_five,kujarra baki kujarra yiŋamali,kujarra baki kujarra yiŋamali,,,Bowern2012,,,,
Garrwa-6_six-1,,Garrwa,6_six,kujarra baki kujarra baki kujarra,kujarra baki kujarra baki kujarra,,,Bowern2012,,,,
Garrwa-10_ten-1,,Garrwa,10_ten,marni kujarra,marni kujarra,,,Bowern2012,,,,
Garrwa-20_twenty-1,,Garrwa,20_twenty,marni kujarra baki nukami kujarra,marni kujarra baki nukami kujarra,,,Bowern2012,,,,
Wanyi-1_one-1,,Wanyi,1_one,yingkanyi,yingkanyi,,,Bowern2012,,,,
Wanyi-2_two-1,,Wanyi,2_two,kujarra,kujarra,,,Bowern2012,,,,
Wanyi-3_three-1,,Wanyi,3_three,kujarra-yingkanyi,kujarra-yingkanyi,,,Bowern2012,,,,
Wanyi-4_four-1,,Wanyi,4_four,kujarra-kujarra,kujarra-kujarra,,,Bowern2012,,,,
Kajir-1_one-1,,Kajir,1_one,"djerrawiyang, jerrawiyang, jirrayang, jirrayany",djerrawiyang,,,Bowern2012,,,,
Kajir-2_two-1,,Kajir,2_two,"ganggoob, garnmelb, garnmeleng",ganggoob,,,Bowern2012,,,,
Kajir-3_three-1,,Kajir,3_three,merrgern,merrgern,,,Bowern2012,,,,
Kija-1_one-1,,Kija,1_one,"ganmel, jirrawu-, jirrawuke-",ganmel,,,Bowern2012,,,,
Kija-2_two-1,,Kija,2_two,pangariny,pangariny,,,Bowern2012,,,,
Kija-3_three-1,,Kija,3_three,merrkernpem,merrkernpem,,,Bowern2012,,,,
Miriw-1_one-1,,Miriw,1_one,"jerrawiyang, djerrawiyang, djirau",jerrawiyang,,,Bowern2012,,,,
Miriw-2_two-1,,Miriw,2_two,"ganggub, ganggubdha, ganggubeleng",ganggub,,,Bowern2012,,,,
Miriw-3_three-1,,Miriw,3_three,merrgen,merrgen,,,Bowern2012,,,,
Wamba-1_one-1,,Wamba,1_one,"garndawuga, jandaji",garndawuga,,,Bowern2012,,,,
Wamba-2_two-1,,Wamba,2_two,"gujarra, gujarra-",gujarra,,,Bowern2012,,,,
Wamba-3_three-1,,Wamba,3_three,murrgun-,murrgun-,,,Bowern2012,,,,
Jamin-1_one-1,,Jamin,1_one,-nguluk,-nguluk,,,Bowern2012,,,,
Ngali-1_one-1,,Ngali,1_one,-nguluk,-nguluk,,,Bowern2012,,,,
Nung-1_one-1,,Nung,1_one,-nguluk,-nguluk,,,Bowern2012,,,,
Jing-1_one-1,,Jing,1_one,"-aŋgubanhi, -ngku-parni",-aŋgubanhi,,,Bowern2012,,,,
Jing-2_two-1,,Jing,2_two,gugjara,gugjara,,,Bowern2012,,,,
Jing-3_three-1,,Jing,3_three,"murrgulu, murrgunbala",murrgulu,,,Bowern2012,,,,
Jing-5_five-1,,Jing,5_five,marndamarnda,marndamarnda,,,Bowern2012,,,,
Ngum-1_one-1,,Ngum,1_one,warinjarri,warinjarri,,,Bowern2012,,,,
Ngum-2_two-1,,Ngum,2_two,kujarra,kujarra,,,Bowern2012,,,,
Ngum-3_three-1,,Ngum,3_three,kurdidi,kurdidi,,,Bowern2012,,,,
Nyig-1_one-1,,Nyig,1_one,wandjari,wandjari,,,Bowern2012,,,,
Nyig-2_two-1,,Nyig,2_two,"kujarra, gudjara",kujarra,,,Bowern2012,,,,
Nyig-3_three-1,,Nyig,3_three,kujarra layan; gudjara-wandjari,kujarra layan,,,Bowern2012,,,,
Warrw-1_one-1,,Warrw,1_one,"warany, wanyjarri",warany,,,Bowern2012,,,,
Warrw-2_two-1,,Warrw,2_two,kujarra,kujarra,,,Bowern2012,,,,
Warrw-3_three-1,,Warrw,3_three,kujarra layina; layana,kujarra layina,,,Bowern2012,,,,
Yawu-1_one-1,,Yawu,1_one,"waran, warandjari",waran,,,Bowern2012,,,,
Yawu-2_two-1,,Yawu,2_two,gudjara,gudjara,,,Bowern2012,,,,
Yawu-3_three-1,,Yawu,3_three,gudidi,gudidi,,,Bowern2012,,,,
Bardi-1_one-1,,Bardi,1_one,arinyji,arinyji,,,Bowern2012,,,,
Bardi-2_two-1,,Bardi,2_two,gooyarra,gooyarra,,,Bowern2012,,,,
Bardi-3_three-1,,Bardi,3_three,irrjar,irrjar,,,Bowern2012,,,,
Bardi-4_four-1,,Bardi,4_four,gooyarra-gooyarra,gooyarra-gooyarra,,,Bowern2012,,,,
JabJab-1_one-1,,JabJab,1_one,wandjer,wandjer,,,Bowern2012,,,,
JabJab-2_two-1,,JabJab,2_two,gudjar,gudjar,,,Bowern2012,,,,
JabJab-3_three-1,,JabJab,3_three,irdjowar,irdjowar,,,Bowern2012,,,,
Jawi-1_one-1,,Jawi,1_one,arinyji,arinyji,,,Bowern2012,,,,
Jawi-2_two-1,,Jawi,2_two,kuyarra,kuyarra,,,Bowern2012,,,,
Jawi-3_three-1,,Jawi,3_three,"irgudara, irrjarr",irgudara,,,Bowern2012,,,,
Nima-1_one-1,,Nima,1_one,warid,warid,,,Bowern2012,,,,
Nima-2_two-1,,Nima,2_two,kujarr,kujarr,,,Bowern2012,,,,
Nima-3_three-1,,Nima,3_three,irdjowar,irdjowar,,,Bowern2012,,,,
Nyul-1_one-1,,Nyul,1_one,warindjer,warindjer,,,Bowern2012,,,,
Nyul-2_two-1,,Nyul,2_two,gudjar,gudjar,,,Bowern2012,,,,
Nyul-3_three-1,,Nyul,3_three,irdjowar,irdjowar,,,Bowern2012,,,,
Warum-1_one-1,,Warum,1_one,yarnti,yarnti,,,Bowern2012,,,,
Warum-2_two-1,,Warum,2_two,"kuty:arra, kutytyarra, gudjara",kuty:arra,,,Bowern2012,,,,
Warum-3_three-1,,Warum,3_three,"kuty:arra yarnti; yurrkati, yurrkarti, wurrkartu",kuty:arra yarnti,,,Bowern2012,,,,
Karad-1_one-1,,Karad,1_one,"waraca, warraca, warany",waraca,,,Bowern2012,,,,
Karad-2_two-1,,Karad,2_two,kucarra,kucarra,,,Bowern2012,,,,
Karad-3_three-1,,Karad,3_three,"kucarra warany, kucarra pa waraca",kucarra warany,,,Bowern2012,,,,
Karad-4_four-1,,Karad,4_four,kucarra pa kucarra,kucarra pa kucarra,,,Bowern2012,,,,
Karad-5_five-1,,Karad,5_five,kucarra kutiti; papirr waraca karti,kucarra kutiti,,,Bowern2012,,,,
Karad-10_ten-1,,Karad,10_ten,papirr kucarra karti,papirr kucarra karti,,,Bowern2012,,,,
Mang-1_one-1,,Mang,1_one,"wanycu, wancu",wanycu,,,Bowern2012,,,,
Mang-2_two-1,,Mang,2_two,"kucarra, kuyarra",kucarra,,,Bowern2012,,,,
Mang-3_three-1,,Mang,3_three,"murrkun, murrkurn",murrkun,,,Bowern2012,,,,
Mang-5_five-1,,Mang,5_five,wanycukarti kurrapa,wanycukarti kurrapa,,,Bowern2012,,,,
Mang-10_ten-1,,Mang,10_ten,kucarrakarti kurrapa,kucarrakarti kurrapa,,,Bowern2012,,,,
NortMang-1_one-1,,NortMang,1_one,nguyarra,nguyarra,,,Bowern2012,,,,
NortMang-2_two-1,,NortMang,2_two,murrkurn,murrkurn,,,Bowern2012,,,,
NortMang-3_three-1,,NortMang,3_three,nguyarranguyarra,nguyarranguyarra,,,Bowern2012,,,,
NortMang-4_four-1,,NortMang,4_four,nguyarra2wanycu,nguyarra2wanycu,,,Bowern2012,,,,
Nyan-1_one-1,,Nyan,1_one,"waraca, waraja",waraca,,,Bowern2012,,,,
Nyan-2_two-1,,Nyan,2_two,"kucarra, kujarra",kucarra,,,Bowern2012,,,,
Nyan-3_three-1,,Nyan,3_three,kujarrapa waraja,kujarrapa waraja,,,Bowern2012,,,,
Nyan-6_six-1,,Nyan,6_six,cikici,cikici,,,Bowern2012,,,,
Bula-1_one-1,,Bula,1_one,yakulu,yakulu,,,Bowern2012,,,,
Bula-2_two-1,,Bula,2_two,"gutyiya, guciya",gutyiya,,,Bowern2012,,,,
Bula-3_three-1,,Bula,3_three,gudyiŋakulu,gudyiŋakulu,,,Bowern2012,,,,
Waga-1_one-1,,Waga,1_one,yukunŋu,yukunŋu,,,Bowern2012,,,,
Waga-2_two-1,,Waga,2_two,"kiji(:)wi, kici:wiy",kijiwi,,,Bowern2012,,,,
Waga-3_three-1,,Waga,3_three,"yawul, kic'wal",yawul,,,Bowern2012,,,,
Waga-4_four-1,,Waga,4_four,"kic'iwi kic'iwi, minyciŋawul",kic'iwi kic'iwi,,,Bowern2012,,,,
Warl-1_one-1,,Warl,1_one,"yarɣulu, yarrwulu",yarɣulu,,,Bowern2012,,,,
Warl-2_two-1,,Warl,2_two,"kutya, guca",kutya,,,Bowern2012,,,,
Warl-3_three-1,,Warl,3_three,kutyayarrɣulu,kutyayarrɣulu,,,Bowern2012,,,,
Yany-1_one-1,,Yany,1_one,"arrkula, yalku (avoidance)",arrkula,,,Bowern2012,,,,
Yany-2_two-1,,Yany,2_two,"kanymarda, anyirarra (avoidance)",kanymarda,,,Bowern2012,,,,
Yany-3_three-1,,Yany,3_three,kanymardaarr,kanymardaarr,,,Bowern2012,,,,
Yany-4_four-1,,Yany,4_four,kanymardakanymarda,kanymardakanymarda,,,Bowern2012,,,,
Bili-1_one-1,,Bili,1_one,jindagu,jindagu,,,Bowern2012,,,,
Bili-2_two-1,,Bili,2_two,gujarra,gujarra,,,Bowern2012,,,,
Bili-3_three-1,,Bili,3_three,murrgun,murrgun,,,Bowern2012,,,,
Guri-1_one-1,,Guri,1_one,"cintaku, tyintaku, jintaku",cintaku,,,Bowern2012,,,,
Guri-2_two-1,,Guri,2_two,"kucarra, kutyarra, kujarra; tumpalak",kucarra,,,Bowern2012,,,,
Guri-3_three-1,,Guri,3_three,murrkun,murrkun,,,Bowern2012,,,,
Guri-5_five-1,,Guri,5_five,kutyarrakutyarra yaŋi,kutyarrakutyarra yaŋi,,,Bowern2012,,,,
GuriMall-1_one-1,,GuriMall,1_one,meta,meta,,,Bowern2012,,,,
GuriMall-2_two-1,,GuriMall,2_two,raangool,raangool,,,Bowern2012,,,,
GuriMall-3_three-1,,GuriMall,3_three,raangool met,raangool met,,,Bowern2012,,,,
GuriMall-4_four-1,,GuriMall,4_four,raangool raangool,raangool raangool,,,Bowern2012,,,,
Jaru-1_one-1,,Jaru,1_one,"yaŋi, gaŋi, yani",yaŋi,,,Bowern2012,,,,
Jaru-2_two-1,,Jaru,2_two,"kutyarra, gudyara",kutyarra,,,Bowern2012,,,,
Jaru-3_three-1,,Jaru,3_three,"murrkun, murgun, mogon",murrkun,,,Bowern2012,,,,
Jaru-4_four-1,,Jaru,4_four,muntapala,muntapala,,,Bowern2012,,,,
Jiwal-1_one-1,,Jiwal,1_one,kayan,kayan,,,Bowern2012,,,,
Jiwal-2_two-1,,Jiwal,2_two,"kurriny, (kujarra - see note)",kurriny,,,Bowern2012,,,,
Malng-1_one-1,,Malng,1_one,cintapani,cintapani,,,Bowern2012,,,,
Malng-2_two-1,,Malng,2_two,kucarra,kucarra,,,Bowern2012,,,,
Mudb-1_one-1,,Mudb,1_one,"cintaku, jindaku, jintaku",cintaku,,,Bowern2012,,,,
Mudb-2_two-1,,Mudb,2_two,"kucarra, kujarra",kucarra,,,Bowern2012,,,,
Mudb-3_three-1,,Mudb,3_three,"yukartu, yukardu; murrkuna",yukartu,,,Bowern2012,,,,
Mudb-4_four-1,,Mudb,4_four,kujajarra,kujajarra,,,Bowern2012,,,,
Ngari-1_one-1,,Ngari,1_one,cintaku,cintaku,,,Bowern2012,,,,
Ngari-2_two-1,,Ngari,2_two,kucarra,kucarra,,,Bowern2012,,,,
Ngari-3_three-1,,Ngari,3_three,murrkun,murrkun,,,Bowern2012,,,,
Ngari-7_seven-1,,Ngari,7_seven,wirlki,wirlki,,,Bowern2012,,,,
Walmj-1_one-1,,Walmj,1_one,"gaian, gān, kayan, kacan (Bililuna); layi; pilparli",gaian,,,Bowern2012,,,,
Walmj-2_two-1,,Walmj,2_two,"kurriny, gurin",kurriny,,,Bowern2012,,,,
Walmj-3_three-1,,Walmj,3_three,"kutyuntu; murgun; muŋkartu, muŋgadu",kutyuntu,,,Bowern2012,,,,
Walmj-4_four-1,,Walmj,4_four,kurriny kurriny,kurriny kurriny,,,Bowern2012,,,,
Warlm-1_one-1,,Warlm,1_one,"jinta, tyinta",jinta,,,Bowern2012,,,,
Warlm-2_two-1,,Warlm,2_two,"jirrama, tyirrama, tyirrima",jirrama,,,Bowern2012,,,,
Warlm-3_three-1,,Warlm,3_three,tyirrima-tyinta,tyirrima-tyinta,,,Bowern2012,,,,
Warlp-1_one-1,,Warlp,1_one,"jinta, tyinta",jinta,,,Bowern2012,,,,
Warlp-2_two-1,,Warlp,2_two,"jirrama, tyirrama",jirrama,,,Bowern2012,,,,
Warlp-3_three-1,,Warlp,3_three,"jirrama-kari-jinta, tyirrama-tyinta; marnkurrpa; marnirrpa; wirrkardu, wirrkardu-kari; kalyarrpa",jirrama-kari-jinta,,,Bowern2012,,,,
Warlp-4_four-1,,Warlp,4_four,"tyirrama-tyirrama, tyirrama-kari-tyirrama-kari; tyirrama-kari-tyinta; murntu(-pala)",tyirrama-tyirrama,,,Bowern2012,,,,
Warlp-5_five-1,,Warlp,5_five,cirramakarizcinta,cirramakarizcinta,,,Bowern2012,,,,
Warlp-9_nine-1,,Warlp,9_nine,narntirnki-pala,narntirnki-pala,,,Bowern2012,,,,
Kutk-1_one-1,,Kutk,1_one,"kutju, gudyu, gudu",kutju,,,Bowern2012,,,,
Kutk-2_two-1,,Kutk,2_two,"kutjarra, kutyarra, gudyara",kutjarra,,,Bowern2012,,,,
Kutk-3_three-1,,Kutk,3_three,"maŋurba, marnkurr(pa), manguru, mangura",maŋurba,,,Bowern2012,,,,
Kutk-4_four-1,,Kutk,4_four,"kutjarra-kutjarra; galdu; murntu, murtu",kutjarra-kutjarra,,,Bowern2012,,,,
Kutk-5_five-1,,Kutk,5_five,raka; marumpu,raka,,,Bowern2012,,,,
Kutk-6_six-1,,Kutk,6_six,kalyu,kalyu,,,Bowern2012,,,,
Kutk-7_seven-1,,Kutk,7_seven,wirlki,wirlki,,,Bowern2012,,,,
Kutk-8_eight-1,,Kutk,8_eight,ŋarlukutu,ŋarlukutu,,,Bowern2012,,,,
Kutk-9_nine-1,,Kutk,9_nine,karrpu,karrpu,,,Bowern2012,,,,
Kutk-10_ten-1,,Kutk,10_ten,tawu,tawu,,,Bowern2012,,,,
Martu-1_one-1,,Martu,1_one,kutyu,kutyu,,,Bowern2012,,,,
Martu-2_two-1,,Martu,2_two,kutyarra,kutyarra,,,Bowern2012,,,,
Martu-3_three-1,,Martu,3_three,marnkurrpa,marnkurrpa,,,Bowern2012,,,,
Martu-6_six-1,,Martu,6_six,tyikatyi,tyikatyi,,,Bowern2012,,,,
Mulya-1_one-1,,Mulya,1_one,koodia,koodia,,,Bowern2012,,,,
Mulya-2_two-1,,Mulya,2_two,kutharra,kutharra,,,Bowern2012,,,,
Mulya-3_three-1,,Mulya,3_three,mangoor,mangoor,,,Bowern2012,,,,
Mulya-4_four-1,,Mulya,4_four,chakoo,chakoo,,,Bowern2012,,,,
Ngaa-1_one-1,,Ngaa,1_one,kumpinyu; kutyu,kumpinyu,,,Bowern2012,,,,
Ngaa-2_two-1,,Ngaa,2_two,kalyarrar; kutyarra; nyartuwarra,kalyarrar,,,Bowern2012,,,,
Ngaa-3_three-1,,Ngaa,3_three,"marnkurr(pa); taŋkalku; tyuku.tyuku, tyukurni; wiltya",marnkurr,,,Bowern2012,,,,
Ngaa-4_four-1,,Ngaa,4_four,kutjarra-kutjarra,kutjarra-kutjarra,,,Bowern2012,,,,
Pitj-1_one-1,,Pitj,1_one,"kutju, kutyu; kalani",kutju,,,Bowern2012,,,,
Pitj-2_two-1,,Pitj,2_two,"kutyarra, kutjara",kutyarra,,,Bowern2012,,,,
Pitj-3_three-1,,Pitj,3_three,"man̠kur(pa), makur(pa)",man̠kur,,,Bowern2012,,,,
Pitj-4_four-1,,Pitj,4_four,kutjara-kutjara,kutjara-kutjara,,,Bowern2012,,,,
Pitj-5_five-1,,Pitj,5_five,paipa; kutjara-man̠kur(pa),paipa,,,Bowern2012,,,,
Pitj-6_six-1,,Pitj,6_six,man̠kur-man̠kur(pa),man̠kur-man̠kur,,,Bowern2012,,,,
Wang-1_one-1,,Wang,1_one,kupinyu; kutyu,kupinyu,,,Bowern2012,,,,
Wang-2_two-1,,Wang,2_two,"kutyarra, lutyarra",kutyarra,,,Bowern2012,,,,
Wang-3_three-1,,Wang,3_three,marnkurrpa,marnkurrpa,,,Bowern2012,,,,
Wanm-1_one-1,,Wanm,1_one,kumpinyu; partu,kumpinyu,,,Bowern2012,,,,
Wanm-2_two-1,,Wanm,2_two,"kujarra, -kujarra; -pula",kujarra,,,Bowern2012,,,,
Wanm-3_three-1,,Wanm,3_three,"kujarra kumpinya, kujarrapartu; yupalpa, wupalypa",kujarra kumpinya,,,Bowern2012,,,,
Wanm-4_four-1,,Wanm,4_four,"kucarrakucarra, kujarra kujarra",kucarrakucarra,,,Bowern2012,,,,
Wanm-5_five-1,,Wanm,5_five,"kucarra2 partu, kujarra kujarra kumpinyu",kucarra2 partu,,,Bowern2012,,,,
Yulp-1_one-1,,Yulp,1_one,kuju; kumpinyu,kuju,,,Bowern2012,,,,
Yulp-2_two-1,,Yulp,2_two,kujarra,kujarra,,,Bowern2012,,,,
Ngar-1_one-1,,Ngar,1_one,"erri, eri, eriŋa, weriŋa",erri,,,Bowern2012,,,,
Ngar-2_two-1,,Ngar,2_two,"majerri, majeri",majerri,,,Bowern2012,,,,
Ngar-3_three-1,,Ngar,3_three,"majerrijerri, majerrina, majeriieri",majerrijerri,,,Bowern2012,,,,
Ngar-4_four-1,,Ngar,4_four,"medjeri-yá medjeri, majamajeri",medjeri-yá medjeri,,,Bowern2012,,,,
Ungg-1_one-1,,Ungg,1_one,"wintharringga, winderri, wintharri, yherre",wintharringga,,,Bowern2012,,,,
Ungg-2_two-1,,Ungg,2_two,"wintharringarndoo, wintharri-ngarndu, winhdharri-ngarndu",wintharringarndoo,,,Bowern2012,,,,
Ungg-3_three-1,,Ungg,3_three,ngarlgurru,ngarlgurru,,,Bowern2012,,,,
Worr-1_one-1,,Worr,1_one,"iyarrungu, jarrungu, -yarrungu, =yarrungu, iarun, yarrungu, -anda, -andu",iyarrungu,,,Bowern2012,,,,
Worr-2_two-1,,Worr,2_two,"iyarrungarndu, yarrungu-ᵏwarndu, +aarndu",iyarrungarndu,,,Bowern2012,,,,
Worr-3_three-1,,Worr,3_three,"iyarrungurri, yarrungu-oorri",iyarrungurri,,,Bowern2012,,,,
Worr-5_five-1,,Worr,5_five,ŋanuŋalja,ŋanuŋalja,,,Bowern2012,,,,
Yawi-1_one-1,,Yawi,1_one,munggadum; -du ~ -di,munggadum,,,Bowern2012,,,,
Yawi-2_two-1,,Yawi,2_two,-urri,-urri,,,Bowern2012,,,,
Ward-1_one-1,,Ward,1_one,lege,lege,,,Bowern2012,,,,
Ward-2_two-1,,Ward,2_two,guyamin,guyamin,,,Bowern2012,,,,
Ward-3_three-1,,Ward,3_three,murrgun,murrgun,,,Bowern2012,,,,
ArabPea-1_one-1,,ArabPea,1_one,weyoo,weyoo,,,Bowern2012,,,,
ArabPea-2_two-1,,ArabPea,2_two,parekula,parekula,,,Bowern2012,,,,
ArabPea-3_three-1,,ArabPea,3_three,kulpura,kulpura,,,Bowern2012,,,,
ArabPea-4_four-1,,ArabPea,4_four,noyoo,noyoo,,,Bowern2012,,,,
ArabStrang-1_one-1,,ArabStrang,1_one,oyoo,oyoo,,,Bowern2012,,,,
ArabStrang-2_two-1,,ArabStrang,2_two,kara-kolon,kara-kolon,,,Bowern2012,,,,
ArabStrang-4_four-1,,ArabStrang,4_four,kara-kolon-kara-kolon,kara-kolon-kara-kolon,,,Bowern2012,,,,
ArabEyr-1_one-1,,ArabEyr,1_one,oyoo,oyoo,,,Bowern2012,,,,
ArabEyr-2_two-1,,ArabEyr,2_two,parekula,parekula,,,Bowern2012,,,,
ArabEyr-3_three-1,,ArabEyr,3_three,kulparte,kulparte,,,Bowern2012,,,,
ArabEyr-4_four-1,,ArabEyr,4_four,parrkulu-parrkulu,parrkulu-parrkulu,,,Bowern2012,,,,
ArabWangkat-1_one-1,,ArabWangkat,1_one,sthuja,sthuja,,,Bowern2012,,,,
ArabWangkat-2_two-1,,ArabWangkat,2_two,parekula,parekula,,,Bowern2012,,,,
ArabWangkat-3_three-1,,ArabWangkat,3_three,kulpari,kulpari,,,Bowern2012,,,,
ArabWangkat-4_four-1,,ArabWangkat,4_four,parrkulu-parrkulu,parrkulu-parrkulu,,,Bowern2012,,,,
Arab-1_one-1,,Arab,1_one,"ŋuyu, windiŋuyu",ŋuyu,,,Bowern2012,,,,
Arab-2_two-1,,Arab,2_two,parkulu,parkulu,,,Bowern2012,,,,
Arab-3_three-1,,Arab,3_three,kulpari,kulpari,,,Bowern2012,,,,
Arab-10_ten-1,,Arab,10_ten,marapratyanta,marapratyanta,,,Bowern2012,,,,
Diya-1_one-1,,Diya,1_one,"kurnu, coono; kamanta, windikamanta",kurnu,,,Bowern2012,,,,
Diya-2_two-1,,Diya,2_two,"mandu, mandro",mandu,,,Bowern2012,,,,
Diya-3_three-1,,Diya,3_three,"parkulu, barcolo, parrkulu, parkuluwora",parkulu,,,Bowern2012,,,,
Diya-4_four-1,,Diya,4_four,mandro-mandro,mandro-mandro,,,Bowern2012,,,,
Diya-10_ten-1,,Diya,10_ten,marapratyanta,marapratyanta,,,Bowern2012,,,,
Kuung-1_one-1,,Kuung,1_one,"matina, murina; uŋal, yuŋkul; waŋkara",matina,,,Bowern2012,,,,
Kuung-2_two-1,,Kuung,2_two,"barcoola, boolara, bulardu, pulari, pularri, pula, pularru, pularu",barcoola,,,Bowern2012,,,,
Kuung-3_three-1,,Kuung,3_three,"tirri; barcoola matina, barcoola murina; bularaŋka:ny; kurrparu, kurruparru",tirri,,,Bowern2012,,,,
Kuung-4_four-1,,Kuung,4_four,barcoola barcoola,barcoola barcoola,,,Bowern2012,,,,
Mitha-1_one-1,,Mitha,1_one,kurnu,kurnu,,,Bowern2012,,,,
Mitha-2_two-1,,Mitha,2_two,"parkula, parrkulu",parkula,,,Bowern2012,,,,
Mitha-4_four-1,,Mitha,4_four,parkula parkula,parkula parkula,,,Bowern2012,,,,
Mitha-5_five-1,,Mitha,5_five,parkula parkula kurnu,parkula parkula kurnu,,,Bowern2012,,,,
NgamKop-1_one-1,,NgamKop,1_one,kulnu,kulnu,,,Bowern2012,,,,
NgamKop-2_two-1,,NgamKop,2_two,mondru; poolga,mondru,,,Bowern2012,,,,
NgamKop-3_three-1,,NgamKop,3_three,paruklulu; kulnu mondru,paruklulu,,,Bowern2012,,,,
NgamKop-4_four-1,,NgamKop,4_four,mondru-mondru,mondru-mondru,,,Bowern2012,,,,
Ngam-1_one-1,,Ngam,1_one,"ŋun[h]ara, ŋunara, windiŋunara",ŋun[h]ara,,,Bowern2012,,,,
Ngam-2_two-1,,Ngam,2_two,"par[a]kuna, parkuna",par[a]kuna,,,Bowern2012,,,,
Ngam-3_three-1,,Ngam,3_three,"par[a]kunaŋuna, parakuna ŋunara, paRkuna ŋanha?, parkunaŋunu",par[a]kunaŋuna,,,Bowern2012,,,,
Ngam-10_ten-1,,Ngam,10_ten,marapratyanta,marapratyanta,,,Bowern2012,,,,
Ngulu-1_one-1,,Ngulu,1_one,ooroo,ooroo,,,Bowern2012,,,,
Ngulu-2_two-1,,Ngulu,2_two,barkoola,barkoola,,,Bowern2012,,,,
Ngulu-3_three-1,,Ngulu,3_three,barkooleroo,barkooleroo,,,Bowern2012,,,,
Ngulu-4_four-1,,Ngulu,4_four,barkoola-barkoola,barkoola-barkoola,,,Bowern2012,,,,
Nhirr-1_one-1,,Nhirr,1_one,kurnu,kurnu,,,Bowern2012,,,,
Nhirr-2_two-1,,Nhirr,2_two,parrkulu,parrkulu,,,Bowern2012,,,,
Nhirr-3_three-1,,Nhirr,3_three,parrkulu kurnu,parrkulu kurnu,,,Bowern2012,,,,
Pirri-1_one-1,,Pirri,1_one,marinha; warba,marinha,,,Bowern2012,,,,
Pirri-2_two-1,,Pirri,2_two,"bularu, parrkula, parrkulu",bularu,,,Bowern2012,,,,
Pirri-3_three-1,,Pirri,3_three,kur:bara; parrkula marinha,kur:bara,,,Bowern2012,,,,
Pirri-4_four-1,,Pirri,4_four,parrkula parrkula,parrkula parrkula,,,Bowern2012,,,,
PitPit-1_one-1,,PitPit,1_one,"ŋuRuRu, noora",ŋuRuRu,,,Bowern2012,,,,
PitPit-2_two-1,,PitPit,2_two,"parrhkula, parrkula, barcoola",parrhkula,,,Bowern2012,,,,
PitPit-3_three-1,,PitPit,3_three,barcoola noora,barcoola noora,,,Bowern2012,,,,
PitPit-4_four-1,,PitPit,4_four,barcoola-barcoola,barcoola-barcoola,,,Bowern2012,,,,
Punth-1_one-1,,Punth,1_one,watyuwali,watyuwali,,,Bowern2012,,,,
Punth-2_two-1,,Punth,2_two,"parkula, parkulu",parkula,,,Bowern2012,,,,
Punth-3_three-1,,Punth,3_three,parkuwatyu,parkuwatyu,,,Bowern2012,,,,
RinRin-1_one-1,,RinRin,1_one,"ngooroo, knooroora",ngooroo,,,Bowern2012,,,,
RinRin-2_two-1,,RinRin,2_two,"barcoola, barkoola",barcoola,,,Bowern2012,,,,
RinRin-3_three-1,,RinRin,3_three,"ngooroo-barcoola, barkoola knoora",ngooroo-barcoola,,,Bowern2012,,,,
RinRin-4_four-1,,RinRin,4_four,"barcoola-barcoola, barkoola-barkoola",barcoola-barcoola,,,Bowern2012,,,,
Wanggan-1_one-1,,Wanggan,1_one,"ŋuyu, windiŋuyu",ŋuyu,,,Bowern2012,,,,
Wanggan-2_two-1,,Wanggan,2_two,parkulu,parkulu,,,Bowern2012,,,,
Wanggan-3_three-1,,Wanggan,3_three,kulpari,kulpari,,,Bowern2012,,,,
Wanggan-10_ten-1,,Wanggan,10_ten,marapratyanta,marapratyanta,,,Bowern2012,,,,
WangganWarb-1_one-1,,WangganWarb,1_one,koono,koono,,,Bowern2012,,,,
WangganWarb-2_two-1,,WangganWarb,2_two,mandroo; parakooloo,mandroo,,,Bowern2012,,,,
WangganWarb-3_three-1,,WangganWarb,3_three,parrakoolo; koolparie,parrakoolo,,,Bowern2012,,,,
WangganWarb-4_four-1,,WangganWarb,4_four,mandroo-mandroo,mandroo-mandroo,,,Bowern2012,,,,
Wanggam-1_one-1,,Wanggam,1_one,kunyala,kunyala,,,Bowern2012,,,,
Wanggam-2_two-1,,Wanggam,2_two,parrkulu,parrkulu,,,Bowern2012,,,,
Wanggam-3_three-1,,Wanggam,3_three,parrkulukunyu,parrkulukunyu,,,Bowern2012,,,,
Wanggam-4_four-1,,Wanggam,4_four,walkana,walkana,,,Bowern2012,,,,
Wanggam-5_five-1,,Wanggam,5_five,wirr/lpariŋa,wirr,,,Bowern2012,,,,
WangkuCoo-1_one-1,,WangkuCoo,1_one,watchualie,watchualie,,,Bowern2012,,,,
WangkuCoo-2_two-1,,WangkuCoo,2_two,barcoola,barcoola,,,Bowern2012,,,,
WangkuCoo-3_three-1,,WangkuCoo,3_three,barcoola therwatchoo,barcoola therwatchoo,,,Bowern2012,,,,
WangkuCoo-4_four-1,,WangkuCoo,4_four,barcoola tra barcoola,barcoola tra barcoola,,,Bowern2012,,,,
WangkuNoc-1_one-1,,WangkuNoc,1_one,witeyooally,witeyooally,,,Bowern2012,,,,
WangkuNoc-2_two-1,,WangkuNoc,2_two,barkoola,barkoola,,,Bowern2012,,,,
WangkuNoc-3_three-1,,WangkuNoc,3_three,wunnoo,wunnoo,,,Bowern2012,,,,
WangkuTha-1_one-1,,WangkuTha,1_one,tharranya,tharranya,,,Bowern2012,,,,
WangkuTha-2_two-1,,WangkuTha,2_two,barcoola,barcoola,,,Bowern2012,,,,
WangkuTha-3_three-1,,WangkuTha,3_three,barcoola go warra,barcoola go warra,,,Bowern2012,,,,
WangkuTha-4_four-1,,WangkuTha,4_four,barcoola-barcoola,barcoola-barcoola,,,Bowern2012,,,,
Wangku-1_one-1,,Wangku,1_one,watyuwarli,watyuwarli,,,Bowern2012,,,,
Wangku-2_two-1,,Wangku,2_two,parrkulu,parrkulu,,,Bowern2012,,,,
Wangku-3_three-1,,Wangku,3_three,parrkuwatyu,parrkuwatyu,,,Bowern2012,,,,
Wangku-4_four-1,,Wangku,4_four,parrkulparrkulu,parrkulparrkulu,,,Bowern2012,,,,
Wangku-5_five-1,,Wangku,5_five,mara,mara,,,Bowern2012,,,,
BullRiv-1_one-1,,BullRiv,1_one,watyu,watyu,,,Bowern2012,,,,
BullRiv-2_two-1,,BullRiv,2_two,barrkulu,barrkulu,,,Bowern2012,,,,
YandrCoo-1_one-1,,YandrCoo,1_one,"goona, koornoo",goona,,,Bowern2012,,,,
YandrCoo-2_two-1,,YandrCoo,2_two,"barkoola, parakoola",barkoola,,,Bowern2012,,,,
YandrCoo-3_three-1,,YandrCoo,3_three,"barkoola goona, parakoola koornoo",barkoola goona,,,Bowern2012,,,,
YandrCoo-4_four-1,,YandrCoo,4_four,parrkula-parrkula,parrkula-parrkula,,,Bowern2012,,,,
Yandr-1_one-1,,Yandr,1_one,"kulno, kurnu",kulno,,,Bowern2012,,,,
Yandr-2_two-1,,Yandr,2_two,parrkulu; pulpa,parrkulu,,,Bowern2012,,,,
Yandr-3_three-1,,Yandr,3_three,parrkukurnu,parrkukurnu,,,Bowern2012,,,,
Yandr-4_four-1,,Yandr,4_four,parrkulu parrkulu,parrkulu parrkulu,,,Bowern2012,,,,
Yandr-5_five-1,,Yandr,5_five,mara,mara,,,Bowern2012,,,,
Yandr-10_ten-1,,Yandr,10_ten,mara parrkulu; maramalkiri,mara parrkulu,,,Bowern2012,,,,
YarlEyr-1_one-1,,YarlEyr,1_one,sthunara,sthunara,,,Bowern2012,,,,
YarlEyr-2_two-1,,YarlEyr,2_two,parekulu,parekulu,,,Bowern2012,,,,
YarlEyr-3_three-1,,YarlEyr,3_three,parakuauna,parakuauna,,,Bowern2012,,,,
YarlEyr-4_four-1,,YarlEyr,4_four,parrkulu-parrkulu,parrkulu-parrkulu,,,Bowern2012,,,,
Yarl-1_one-1,,Yarl,1_one,kunya,kunya,,,Bowern2012,,,,
Yarl-2_two-1,,Yarl,2_two,parrkulu,parrkulu,,,Bowern2012,,,,
Yawarr-1_one-1,,Yawarr,1_one,"kulno, kurnu; tupuru",kulno,,,Bowern2012,,,,
Yawarr-2_two-1,,Yawarr,2_two,"parkutili, parrkulu",parkutili,,,Bowern2012,,,,
Yawarr-3_three-1,,Yawarr,3_three,parkukulno,parkukulno,,,Bowern2012,,,,
Yawarr-10_ten-1,,Yawarr,10_ten,marapanina,marapanina,,,Bowern2012,,,,
Adny-1_one-1,,Adny,1_one,"ubanaka, ubma, ubmanaka, ubmanhaka, ubm-ata, upma",ubanaka,,,Bowern2012,,,,
Adny-2_two-1,,Adny,2_two,"alypilhanha, alypili; urlparrxaka, urlparrxinha",alypilhanha,,,Bowern2012,,,,
Adny-3_three-1,,Adny,3_three,"urlpa-rrina, urlparrxinha",urlpa-rrina,,,Bowern2012,,,,
Adny-6_six-1,,Adny,6_six,urlpa-urlpa-rrina,urlpa-urlpa-rrina,,,Bowern2012,,,,
AdnyWono-1_one-1,,AdnyWono,1_one,oobmana,oobmana,,,Bowern2012,,,,
AdnyWono-2_two-1,,AdnyWono,2_two,alpilya,alpilya,,,Bowern2012,,,,
AdnyWono-3_three-1,,AdnyWono,3_three,ooparrie,ooparrie,,,Bowern2012,,,,
AdnyWono-4_four-1,,AdnyWono,4_four,alpilya-alpilya,alpilya-alpilya,,,Bowern2012,,,,
KaurnEngl-1_one-1,,KaurnEngl,1_one,"koma, kuma",koma,,,Bowern2012,,,,
KaurnEngl-2_two-1,,KaurnEngl,2_two,"parlaitye, purlaitye, purlayitye, bulaidje",parlaitye,,,Bowern2012,,,,
KaurnEngl-3_three-1,,KaurnEngl,3_three,"marnkuje, marnkutye",marnkuje,,,Bowern2012,,,,
KaurnEngl-4_four-1,,KaurnEngl,4_four,"yärrabula, yerrabulla, yerrabula",yärrabula,,,Bowern2012,,,,
KaurnEngl-5_five-1,,KaurnEngl,5_five,yerrabula kuma,yerrabula kuma,,,Bowern2012,,,,
KaurnEngl-6_six-1,,KaurnEngl,6_six,yerrabula purlaitye,yerrabula purlaitye,,,Bowern2012,,,,
KaurnEngl-1_one-2,,KaurnEngl,1_one,"kuma; mangoui""t",kuma,,,Bowern2012,,,,
KaurnEngl-2_two-2,,KaurnEngl,2_two,"burlatji, pollai""",burlatji,,,Bowern2012,,,,
KaurnEngl-3_three-2,,KaurnEngl,3_three,"mangoui""t, marnkudji, marnkutye","mangoui""t",,,Bowern2012,,,,
KaurnEngl-4_four-2,,KaurnEngl,4_four,"arai""sh; yerrabula","arai""sh",,,Bowern2012,,,,
KaurnEngl-5_five-2,,KaurnEngl,5_five,"arai""; yerrabula kuma","arai""",,,Bowern2012,,,,
KaurnEngl-6_six-2,,KaurnEngl,6_six,paltann; yerrabula purlaitye,paltann,,,Bowern2012,,,,
KaurnEngl-7_seven-1,,KaurnEngl,7_seven,koutcho,koutcho,,,Bowern2012,,,,
KaurnEngl-8_eight-1,,KaurnEngl,8_eight,poullagounn,poullagounn,,,Bowern2012,,,,
KaurnEngl-9_nine-1,,KaurnEngl,9_nine,paltann,paltann,,,Bowern2012,,,,
KaurnEngl-10_ten-1,,KaurnEngl,10_ten,tenndo,tenndo,,,Bowern2012,,,,
KaurnEngl-20_twenty-1,,KaurnEngl,20_twenty,kouatcho,kouatcho,,,Bowern2012,,,,
GuyaTorr-1_one-1,,GuyaTorr,1_one,koopmana,koopmana,,,Bowern2012,,,,
GuyaTorr-2_two-1,,GuyaTorr,2_two,kylepela,kylepela,,,Bowern2012,,,,
GuyaTorr-3_three-1,,GuyaTorr,3_three,koolparoo,koolparoo,,,Bowern2012,,,,
GuyaTorr-4_four-1,,GuyaTorr,4_four,merndoona-merndoona,merndoona-merndoona,,,Bowern2012,,,,
Guya-1_one-1,,Guya,1_one,"kumana, kupnana, coobmana, kubmanha",kumana,,,Bowern2012,,,,
Guya-2_two-1,,Guya,2_two,"mandu, mundru",mandu,,,Bowern2012,,,,
Guya-3_three-1,,Guya,3_three,"kulpari, culpara",kulpari,,,Bowern2012,,,,
Guya-4_four-1,,Guya,4_four,mundru-mundru,mundru-mundru,,,Bowern2012,,,,
Guya-10_ten-1,,Guya,10_ten,marakuruninkuta,marakuruninkuta,,,Bowern2012,,,,
NaruYork-1_one-1,,NaruYork,1_one,ariekoo,ariekoo,,,Bowern2012,,,,
NaruYork-2_two-1,,NaruYork,2_two,puli,puli,,,Bowern2012,,,,
NaruYork-3_three-1,,NaruYork,3_three,mangoore,mangoore,,,Bowern2012,,,,
NaruYork-4_four-1,,NaruYork,4_four,gerrie bulli,gerrie bulli,,,Bowern2012,,,,
Naru-1_one-1,,Naru,1_one,"kuma; ŋari, ngarri, ngarrigu",kuma,,,Bowern2012,,,,
Naru-2_two-1,,Naru,2_two,"purlayi, burlai",purlayi,,,Bowern2012,,,,
Naru-3_three-1,,Naru,3_three,"marŋawi, manggurri, mar.ngurri",marŋawi,,,Bowern2012,,,,
Naru-4_four-1,,Naru,4_four,yara-purlayi; purlayi purlayi; jErrabula,yara-purlayi,,,Bowern2012,,,,
Naru-5_five-1,,Naru,5_five,yara-purlayi ŋari,yara-purlayi ŋari,,,Bowern2012,,,,
Naru-6_six-1,,Naru,6_six,marru,marru,,,Bowern2012,,,,
Naru-10_ten-1,,Naru,10_ten,kara purlayi,kara purlayi,,,Bowern2012,,,,
Nugu-1_one-1,,Nugu,1_one,"kupmana, kouman",kupmana,,,Bowern2012,,,,
Nugu-2_two-1,,Nugu,2_two,"pulanha, boodlina",pulanha,,,Bowern2012,,,,
Nugu-3_three-1,,Nugu,3_three,"mankwina, mungweena",mankwina,,,Bowern2012,,,,
Bang-1_one-1,,Bang,1_one,"kubmanna, kuma, gumana",kubmanna,,,Bowern2012,,,,
Bang-2_two-1,,Bang,2_two,"kalbelli, kallpille, gulbali; kuttara, gutjuru; kakiti; pututya",kalbelli,,,Bowern2012,,,,
Bang-3_three-1,,Bang,3_three,"kappa, kapo; kulparri, koolperrie, kulbarri",kappa,,,Bowern2012,,,,
Bang-4_four-1,,Bang,4_four,ngerla,ngerla,,,Bowern2012,,,,
Bang-1_one-2,,Bang,1_one,goo-o-mana,goo-o-mana,,,Bowern2012,,,,
Bang-2_two-2,,Bang,2_two,kilbelly,kilbelly,,,Bowern2012,,,,
Bang-3_three-2,,Bang,3_three,koolberri,koolberri,,,Bowern2012,,,,
Bang-4_four-2,,Bang,4_four,nulla,nulla,,,Bowern2012,,,,
Bang-7_seven-1,,Bang,7_seven,merna,merna,,,Bowern2012,,,,
Bang-8_eight-1,,Bang,8_eight,minnawutha,minnawutha,,,Bowern2012,,,,
Bang-9_nine-1,,Bang,9_nine,koortillyi,koortillyi,,,Bowern2012,,,,
Bang-10_ten-1,,Bang,10_ten,koorijuno,koorijuno,,,Bowern2012,,,,
Wirang-1_one-1,,Wirang,1_one,"kuma, kumartu",kuma,,,Bowern2012,,,,
Wirang-2_two-1,,Wirang,2_two,"kuthara, kutharra",kuthara,,,Bowern2012,,,,
Wirang-3_three-1,,Wirang,3_three,"kulparri; yalkarta, yarrkarta",kulparri,,,Bowern2012,,,,
Wirang-4_four-1,,Wirang,4_four,kapu,kapu,,,Bowern2012,,,,
Wirang-5_five-1,,Wirang,5_five,"wima, wimaardu",wima,,,Bowern2012,,,,
StreBay-1_one-1,,StreBay,1_one,kooma,kooma,,,Bowern2012,,,,
StreBay-2_two-1,,StreBay,2_two,"kootera, koothera",kootera,,,Bowern2012,,,,
StreBay-3_three-1,,StreBay,3_three,"kaboo, karboo",kaboo,,,Bowern2012,,,,
StreBay-4_four-1,,StreBay,4_four,wima; yalkata,wima,,,Bowern2012,,,,
Dhang-1_one-1,,Dhang,1_one,waŋgany,waŋgany,,,Bowern2012,,,,
Dhang-2_two-1,,Dhang,2_two,bulal,bulal,,,Bowern2012,,,,
Dhang-3_three-1,,Dhang,3_three,l̠urrkun',l̠urrkun',,,Bowern2012,,,,
Dhang-5_five-1,,Dhang,5_five,goŋ,goŋ,,,Bowern2012,,,,
Dhuwa-1_one-1,,Dhuwa,1_one,waŋgany,waŋgany,,,Bowern2012,,,,
Dhuwa-2_two-1,,Dhuwa,2_two,bulal'; ma:rrma'; maltyan̠a('),bulal',,,Bowern2012,,,,
Dhuwa-3_three-1,,Dhuwa,3_three,l̠urrkun',l̠urrkun',,,Bowern2012,,,,
Dhuwa-5_five-1,,Dhuwa,5_five,goŋ,goŋ,,,Bowern2012,,,,
Dhuwala-1_one-1,,Dhuwala,1_one,waŋgany,waŋgany,,,Bowern2012,,,,
Dhuwala-2_two-1,,Dhuwala,2_two,"bulal', bulal7; ma:rrma'; maltyan̠a(')",bulal',,,Bowern2012,,,,
Dhuwala-3_three-1,,Dhuwala,3_three,warŋarrk,warŋarrk,,,Bowern2012,,,,
Dhuwala-5_five-1,,Dhuwala,5_five,goŋ,goŋ,,,Bowern2012,,,,
Djina-1_one-1,,Djina,1_one,wurpmi,wurpmi,,,Bowern2012,,,,
Djina-2_two-1,,Djina,2_two,bilawili; bin.gili,bilawili,,,Bowern2012,,,,
Djina-3_three-1,,Djina,3_three,l̠urrkun; warrŋguwili,l̠urrkun,,,Bowern2012,,,,
Djina-5_five-1,,Djina,5_five,gumbirri,gumbirri,,,Bowern2012,,,,
Ritarungu-1_one-1,,Ritarungu,1_one,wid̠ipiyaŋ('),wid̠ipiyaŋ,,,Bowern2012,,,,
Ritarungu-2_two-1,,Ritarungu,2_two,bulal',bulal',,,Bowern2012,,,,
Ritarungu-3_three-1,,Ritarungu,3_three,l̠urrkun',l̠urrkun',,,Bowern2012,,,,
Ritarungu-5_five-1,,Ritarungu,5_five,goŋ,goŋ,,,Bowern2012,,,,
Yannhan-1_one-1,,Yannhan,1_one,wal̠ip,wal̠ip,,,Bowern2012,,,,
Yannhan-2_two-1,,Yannhan,2_two,*ma:rrma'; bulal'; manaya,*ma:rrma',,,Bowern2012,,,,
Yannhan-3_three-1,,Yannhan,3_three,l̠urrkun,l̠urrkun,,,Bowern2012,,,,
Yannhan-5_five-1,,Yannhan,5_five,goku-wal̠ip,goku-wal̠ip,,,Bowern2012,,,,
Wemba-1_one-1,,Wemba,1_one,ongbee,ongbee,,,Bowern2012,,,,
Wemba-2_two-1,,Wemba,2_two,pula,pula,,,Bowern2012,,,,
Wemba-3_three-1,,Wemba,3_three,bul-la ongbee,bul-la ongbee,,,Bowern2012,,,,
Wemba-4_four-1,,Wemba,4_four,bulla bulla,bulla bulla,,,Bowern2012,,,,
Barrab-1_one-1,,Barrab,1_one,marl,marl,,,Bowern2012,,,,
Barrab-2_two-1,,Barrab,2_two,pula,pula,,,Bowern2012,,,,
Barrab-3_three-1,,Barrab,3_three,kooleba,kooleba,,,Bowern2012,,,,
Barrab-4_four-1,,Barrab,4_four,boolar-boolar,boolar-boolar,,,Bowern2012,,,,
Bogab-1_one-1,,Bogab,1_one,mal,mal,,,Bowern2012,,,,
Bogab-2_two-1,,Bogab,2_two,pulera,pulera,,,Bowern2012,,,,
Bogab-3_three-1,,Bogab,3_three,koolipa,koolipa,,,Bowern2012,,,,
Bogab-4_four-1,,Bogab,4_four,poolera poolera,poolera poolera,,,Bowern2012,,,,
Gamil-1_one-1,,Gamil,1_one,"ma:l, maal, mal, mago; yaman",ma:l,,,Bowern2012,,,,
Gamil-2_two-1,,Gamil,2_two,"bala, bula, bula:rr, bulaarr, bular, bulara, pula:rr; gabu",bala,,,Bowern2012,,,,
Gamil-3_three-1,,Gamil,3_three,"kulipa:, guliba, bulaba, culeba; buragulam",kulipa:,,,Bowern2012,,,,
Gamil-4_four-1,,Gamil,4_four,"bula-bula, bular-bular, bulira-bulira; burûl; gabu-gabu; mulambu",bula-bula,,,Bowern2012,,,,
Kamil-1_one-1,,Kamil,1_one,mal,mal,,,Bowern2012,,,,
Kamil-2_two-1,,Kamil,2_two,"bularu, parrkula, parrkulu",bularu,,,Bowern2012,,,,
Kamil-3_three-1,,Kamil,3_three,guliba,guliba,,,Bowern2012,,,,
Kamil-4_four-1,,Kamil,4_four,"balar-balar, bular-bular, bular-bularu",balar-balar,,,Bowern2012,,,,
Kamil-5_five-1,,Kamil,5_five,bular-guliba; malanbu,bular-guliba,,,Bowern2012,,,,
Kamil-6_six-1,,Kamil,6_six,guliba-guliba; mal-malanbu mammi,guliba-guliba,,,Bowern2012,,,,
Kamil-7_seven-1,,Kamil,7_seven,balar-malanbu mammi,balar-malanbu mammi,,,Bowern2012,,,,
Kamil-8_eight-1,,Kamil,8_eight,guliba-malanbu mammi,guliba-malanbu mammi,,,Bowern2012,,,,
Kamil-9_nine-1,,Kamil,9_nine,balar-balar-malanbu mammi,balar-balar-malanbu mammi,,,Bowern2012,,,,
Kamil-10_ten-1,,Kamil,10_ten,balar-ya marra,balar-ya marra,,,Bowern2012,,,,
Kamil-11_eleven-1,,Kamil,11_eleven,mal dinna mammi,mal dinna mammi,,,Bowern2012,,,,
Kamil-12_twelve-1,,Kamil,12_twelve,balar dinna mammi,balar dinna mammi,,,Bowern2012,,,,
Kamil-13_thirteen-1,,Kamil,13_thirteen,guliba dinna mammi,guliba dinna mammi,,,Bowern2012,,,,
Kamil-14_fourteen-1,,Kamil,14_fourteen,balar-balar dinna mammi,balar-balar dinna mammi,,,Bowern2012,,,,
Kamil-15_fifteen-1,,Kamil,15_fifteen,malanbu dinna,malanbu dinna,,,Bowern2012,,,,
Kamil-16_sixteen-1,,Kamil,16_sixteen,mal dinna malanbu,mal dinna malanbu,,,Bowern2012,,,,
Kamil-17_seventeen-1,,Kamil,17_seventeen,balar dinna malanbu,balar dinna malanbu,,,Bowern2012,,,,
Kamil-18_eighteen-1,,Kamil,18_eighteen,guliba dinna malanbu,guliba dinna malanbu,,,Bowern2012,,,,
Kamil-19_nineteen-1,,Kamil,19_nineteen,balar-balar dinna malanbu,balar-balar dinna malanbu,,,Bowern2012,,,,
Kamil-20_twenty-1,,Kamil,20_twenty,balar-ya dinna,balar-ya dinna,,,Bowern2012,,,,
KamilStat-1_one-1,,KamilStat,1_one,goreen,goreen,,,Bowern2012,,,,
KamilStat-2_two-1,,KamilStat,2_two,bulla,bulla,,,Bowern2012,,,,
KamilStat-3_three-1,,KamilStat,3_three,bulla-go-go-run,bulla-go-go-run,,,Bowern2012,,,,
KamilStat-4_four-1,,KamilStat,4_four,in-ca-moo,in-ca-moo,,,Bowern2012,,,,
More-1_one-1,,More,1_one,mal,mal,,,Bowern2012,,,,
More-2_two-1,,More,2_two,pula:,pula:,,,Bowern2012,,,,
More-3_three-1,,More,3_three,kooliba,kooliba,,,Bowern2012,,,,
Namoi-1_one-1,,Namoi,1_one,marl,marl,,,Bowern2012,,,,
Namoi-2_two-1,,Namoi,2_two,pula,pula,,,Bowern2012,,,,
Namoi-3_three-1,,Namoi,3_three,koolaba,koolaba,,,Bowern2012,,,,
Namoi-4_four-1,,Namoi,4_four,boola boola,boola boola,,,Bowern2012,,,,
Nundle-1_one-1,,Nundle,1_one,marl,marl,,,Bowern2012,,,,
Nundle-2_two-1,,Nundle,2_two,pula:,pula:,,,Bowern2012,,,,
Nundle-3_three-1,,Nundle,3_three,kooliba,kooliba,,,Bowern2012,,,,
Muruw-1_one-1,,Muruw,1_one,yaman,yaman,,,Bowern2012,,,,
Muruw-2_two-1,,Muruw,2_two,kapu; purral,kapu,,,Bowern2012,,,,
Muruw-3_three-1,,Muruw,3_three,"kapu-yaman; purrakulayaman, burugulo yaman",kapu-yaman,,,Bowern2012,,,,
Muruw-4_four-1,,Muruw,4_four,kapulanta,kapulanta,,,Bowern2012,,,,
Muruw-5_five-1,,Muruw,5_five,marangka,marangka,,,Bowern2012,,,,
Muruw-6_six-1,,Muruw,6_six,"marangkawa, marangkuwa",marangkawa,,,Bowern2012,,,,
Muruw-7_seven-1,,Muruw,7_seven,marangka kapu,marangka kapu,,,Bowern2012,,,,
Muruw-8_eight-1,,Muruw,8_eight,kapulanta kapulanta,kapulanta kapulanta,,,Bowern2012,,,,
Muruw-9_nine-1,,Muruw,9_nine,marangka kapulanta,marangka kapulanta,,,Bowern2012,,,,
Muruw-10_ten-1,,Muruw,10_ten,marangka marangka,marangka marangka,,,Bowern2012,,,,
Ngiya-1_one-1,,Ngiya,1_one,magu,magu,,,Bowern2012,,,,
Ngiya-2_two-1,,Ngiya,2_two,bulagar,bulagar,,,Bowern2012,,,,
Ngiya-3_three-1,,Ngiya,3_three,galiba,galiba,,,Bowern2012,,,,
Ngiya-4_four-1,,Ngiya,4_four,bulagar-bulagar,bulagar-bulagar,,,Bowern2012,,,,
Ngiya-5_five-1,,Ngiya,5_five,wirangan marra,wirangan marra,,,Bowern2012,,,,
Culgoa-1_one-1,,Culgoa,1_one,yahumun,yahumun,,,Bowern2012,,,,
Culgoa-2_two-1,,Culgoa,2_two,kubbo,kubbo,,,Bowern2012,,,,
Culgoa-3_three-1,,Culgoa,3_three,booragoolam,booragoolam,,,Bowern2012,,,,
Culgoa-4_four-1,,Culgoa,4_four,kubbo-kubbo,kubbo-kubbo,,,Bowern2012,,,,
BrewBar-1_one-1,,BrewBar,1_one,mago,mago,,,Bowern2012,,,,
BrewBar-2_two-1,,BrewBar,2_two,boollaga,boollaga,,,Bowern2012,,,,
BrewBar-3_three-1,,BrewBar,3_three,gulliba,gulliba,,,Bowern2012,,,,
BrewBar-4_four-1,,BrewBar,4_four,boollaga-boollaga,boollaga-boollaga,,,Bowern2012,,,,
Carcoar-1_one-1,,Carcoar,1_one,ongbee,ongbee,,,Bowern2012,,,,
Carcoar-2_two-1,,Carcoar,2_two,pula,pula,,,Bowern2012,,,,
Carcoar-3_three-1,,Carcoar,3_three,bulla ongbee,bulla ongbee,,,Bowern2012,,,,
Carcoar-4_four-1,,Carcoar,4_four,bulla bulla,bulla bulla,,,Bowern2012,,,,
Dubbo-1_one-1,,Dubbo,1_one,oonby,oonby,,,Bowern2012,,,,
Dubbo-2_two-1,,Dubbo,2_two,pula,pula,,,Bowern2012,,,,
Dubbo-3_three-1,,Dubbo,3_three,bulla oonby,bulla oonby,,,Bowern2012,,,,
Dubbo-4_four-1,,Dubbo,4_four,bulla bulla,bulla bulla,,,Bowern2012,,,,
HillEnd-1_one-1,,HillEnd,1_one,miko,miko,,,Bowern2012,,,,
HillEnd-2_two-1,,HillEnd,2_two,bullagut,bullagut,,,Bowern2012,,,,
HillEnd-3_three-1,,HillEnd,3_three,bullagut miko,bullagut miko,,,Bowern2012,,,,
HillEnd-4_four-1,,HillEnd,4_four,bullagut-bullagut,bullagut-bullagut,,,Bowern2012,,,,
Bogan-1_one-1,,Bogan,1_one,muggo,muggo,,,Bowern2012,,,,
Bogan-2_two-1,,Bogan,2_two,bullager,bullager,,,Bowern2012,,,,
Bogan-3_three-1,,Bogan,3_three,bulla muggo,bulla muggo,,,Bowern2012,,,,
Bogan-4_four-1,,Bogan,4_four,bullager bullager,bullager bullager,,,Bowern2012,,,,
Wiradhurri-1_one-1,,Wiradhurri,1_one,"magu, migu, mawa; midang; [ŋ]anbi, [ŋ]ånbi, [ŋ]åŋbi, [ŋ]unbai, [ŋ]unbåi, [ŋ]unbi, munbai, naŋgåi, nganbi, ngunbai, nyunbi, ŋanbai, ŋanbiya, ŋunbai, ŋunbi, onebi, wåmbai, wånbåi, wunbi, yunbai; wallawin; dangu; guwayinbayin",magu,,,Bowern2012,,,,
Wiradhurri-2_two-1,,Wiradhurri,2_two,"bala, balaga, balagad, balar, bula, buliga, buliya, bulla, bullah; yurawal",bala,,,Bowern2012,,,,
Wiradhurri-3_three-1,,Wiradhurri,3_three,"bala [ng]imbai, bala magu, bala ngamibya, bala ngångbi, bala ngunbi, bala wåmbai, bala wånbåi, bbalgad migu, balangabai, balå-nganbi, balawån, bula ngunbai, bula ngunbåi, bula-nganbi, bulå-ngånbi, bula-ngumbi, bula-ngunbai, buliga mugu, bulla onebi, balaguwayinbayin; dhuraluwa",bala [ng]imbai,,,Bowern2012,,,,
Wiradhurri-4_four-1,,Wiradhurri,4_four,"bala bala, balaga balaga, balagut-balagut, bula bula, buliga buliga, bulla bulla, bullah bulla; bangu, bångu, bungu; dinawa; madu, mardu, muddu",bala bala,,,Bowern2012,,,,
Wiradhurri-5_five-1,,Wiradhurri,5_five,bala bala wåmbai; bungululån; gara; madu; yuŋGuwi,bala bala wåmbai,,,Bowern2012,,,,
Wiradhurri-10_ten-1,,Wiradhurri,10_ten,dyilbaribang; madu madu,dyilbaribang,,,Bowern2012,,,,
Wiradjuri-1_one-1,,Wiradjuri,1_one,ŋunpa:y,ŋunpa:y,,,Bowern2012,,,,
Wiradjuri-2_two-1,,Wiradjuri,2_two,pula,pula,,,Bowern2012,,,,
Wiradjuri-3_three-1,,Wiradjuri,3_three,"ŋunpa:y-pula, pula-ŋunpa:y",ŋunpa:y-pula,,,Bowern2012,,,,
Wiradjuri-4_four-1,,Wiradjuri,4_four,pula-pula; puŋu,pula-pula,,,Bowern2012,,,,
Yuwlar-1_one-1,,Yuwlar,1_one,"malan, milan; pi:rr, piyarr; .tHu:l",malan,,,Bowern2012,,,,
Yuwlar-2_two-1,,Yuwlar,2_two,"balara, bula:rr, bular, pula:rr",balara,,,Bowern2012,,,,
Yuwlar-3_three-1,,Yuwlar,3_three,"guliba, guliba:, kulipa:; pawa",guliba,,,Bowern2012,,,,
BalNer-1_one-1,,BalNer,1_one,bee-er,bee-er,,,Bowern2012,,,,
BalNer-2_two-1,,BalNer,2_two,pula:,pula:,,,Bowern2012,,,,
BalNer-3_three-1,,BalNer,3_three,koolebar,koolebar,,,Bowern2012,,,,
BalNer-4_four-1,,BalNer,4_four,boolar-boolar,boolar-boolar,,,Bowern2012,,,,
Yuwliy-1_one-1,,Yuwliy,1_one,"pi:rr, piyarr; milan; .DHu:l",pi:rr,,,Bowern2012,,,,
Yuwliy-2_two-1,,Yuwliy,2_two,pula:rr,pula:rr,,,Bowern2012,,,,
Yuwliy-3_three-1,,Yuwliy,3_three,kulipa:,kulipa:,,,Bowern2012,,,,
Wonar-1_one-1,,Wonar,1_one,manan,manan,,,Bowern2012,,,,
Wonar-2_two-1,,Wonar,2_two,bulwarra,bulwarra,,,Bowern2012,,,,
Wonar-3_three-1,,Wonar,3_three,"nalaran, waggul",nalaran,,,Bowern2012,,,,
Wonar-4_four-1,,Wonar,4_four,"darri, garrawil",darri,,,Bowern2012,,,,
Awabak-1_one-1,,Awabak,1_one,wagal,wagal,,,Bowern2012,,,,
Awabak-2_two-1,,Awabak,2_two,bulwarra,bulwarra,,,Bowern2012,,,,
Awabak-3_three-1,,Awabak,3_three,ngaru,ngaru,,,Bowern2012,,,,
Awabak-4_four-1,,Awabak,4_four,waran,waran,,,Bowern2012,,,,
Birrp-1_one-1,,Birrp,1_one,wågal,wågal,,,Bowern2012,,,,
Birrp-2_two-1,,Birrp,2_two,"bula, bala",bula,,,Bowern2012,,,,
Birrp-3_three-1,,Birrp,3_three,buru-wi,buru-wi,,,Bowern2012,,,,
Birrp-4_four-1,,Birrp,4_four,"galuna-långm blarvo-blarvo, boolorakoo-boolorakoo",galuna-långm blarvo-blarvo,,,Bowern2012,,,,
Birrp-5_five-1,,Birrp,5_five,bilabu bilabu wagul,bilabu bilabu wagul,,,Bowern2012,,,,
Hawk-1_one-1,,Hawk,1_one,wagul,wagul,,,Bowern2012,,,,
Hawk-2_two-1,,Hawk,2_two,bula,bula,,,Bowern2012,,,,
Hawk-3_three-1,,Hawk,3_three,"barang, bulawagul, gurai",barang,,,Bowern2012,,,,
